IP 地址,2096,已接收,丢包率,平均延迟,下载速度 (MB/s)
103.172.110.104,2096,4,0.00,32.01,0.00
103.172.110.100,2096,4,0.00,33.26,0.00
103.172.110.102,2096,4,0.00,33.28,0.00
103.172.110.120,2096,4,0.00,33.34,0.00
103.172.110.101,2096,4,0.00,34.02,0.00
103.172.110.104,2096,4,0.00,34.06,0.00
103.172.110.104,2096,4,0.00,34.15,0.00
103.172.110.109,2096,4,0.00,34.15,0.00
103.172.110.104,2096,4,0.00,34.41,0.00
103.172.110.109,2096,4,0.00,35.16,0.00
103.172.110.109,2096,4,0.00,35.34,0.00
103.172.110.102,2096,4,0.00,36.21,0.00
8.218.3.12,2096,4,0.00,36.86,0.00
103.172.110.104,2096,4,0.00,36.95,0.00
103.172.110.104,2096,4,0.00,38.04,0.00
103.172.110.104,2096,4,0.00,38.20,0.00
103.172.110.102,2096,4,0.00,38.40,0.00
103.172.110.100,2096,4,0.00,38.48,0.00
103.172.110.104,2096,4,0.00,38.62,0.00
103.172.110.103,2096,4,0.00,38.97,0.00
103.172.110.101,2096,4,0.00,39.07,0.00
103.172.110.109,2096,4,0.00,39.29,0.00
103.172.110.101,2096,4,0.00,39.85,0.00
103.172.110.101,2096,4,0.00,40.10,0.00
8.218.3.12,2096,4,0.00,41.17,0.00
103.172.110.109,2096,4,0.00,41.47,0.00
8.218.3.12,2096,4,0.00,41.49,0.00
103.172.110.104,2096,4,0.00,42.89,0.00
103.172.110.100,2096,4,0.00,43.47,0.00
103.172.110.101,2096,4,0.00,43.71,0.00
103.172.110.101,2096,4,0.00,44.65,0.00
8.218.3.12,2096,4,0.00,51.13,0.00
103.172.110.102,2096,4,0.00,53.05,0.00
47.243.179.249,2096,4,0.00,54.63,0.00
103.172.110.109,2096,4,0.00,62.56,0.00
103.172.110.97,2096,4,0.00,64.45,0.00
103.172.110.95,2096,4,0.00,65.98,0.00
103.172.110.99,2096,4,0.00,66.25,0.00
103.172.110.96,2096,4,0.00,66.40,0.00
103.172.110.96,2096,4,0.00,66.42,0.00
103.172.110.96,2096,4,0.00,66.66,0.00
103.172.110.98,2096,4,0.00,66.88,0.00
103.172.110.99,2096,4,0.00,66.99,0.00
103.172.110.99,2096,4,0.00,67.07,0.00
103.172.110.96,2096,4,0.00,67.09,0.00
103.172.110.98,2096,4,0.00,67.15,0.00
103.172.110.96,2096,4,0.00,67.20,0.00
103.172.110.99,2096,4,0.00,67.27,0.00
103.172.110.98,2096,4,0.00,67.85,0.00
103.172.110.95,2096,4,0.00,68.21,0.00
103.172.110.95,2096,4,0.00,68.45,0.00
103.172.110.98,2096,4,0.00,68.57,0.00
103.172.110.99,2096,4,0.00,69.30,0.00
103.172.110.99,2096,4,0.00,69.41,0.00
103.172.110.98,2096,4,0.00,69.58,0.00
103.172.110.97,2096,4,0.00,69.64,0.00
47.74.13.24,2096,4,0.00,69.97,0.00
103.172.110.96,2096,4,0.00,70.16,0.00
103.172.110.98,2096,4,0.00,70.17,0.00
103.172.110.95,2096,4,0.00,70.19,0.00
103.172.110.95,2096,4,0.00,70.32,0.00
103.172.110.99,2096,4,0.00,70.51,0.00
103.172.110.96,2096,4,0.00,70.52,0.00
47.74.13.24,2096,4,0.00,70.62,0.00
103.172.110.96,2096,4,0.00,70.88,0.00
103.172.110.97,2096,4,0.00,70.99,0.00
103.172.110.99,2096,4,0.00,71.09,0.00
103.172.110.98,2096,4,0.00,71.18,0.00
103.172.110.96,2096,4,0.00,71.27,0.00
103.172.110.99,2096,4,0.00,71.29,0.00
103.172.110.95,2096,4,0.00,71.35,0.00
103.172.110.98,2096,4,0.00,71.38,0.00
103.172.110.98,2096,4,0.00,71.45,0.00
103.172.110.98,2096,4,0.00,71.45,0.00
103.172.110.99,2096,4,0.00,71.46,0.00
103.172.110.97,2096,4,0.00,71.49,0.00
103.172.110.98,2096,4,0.00,71.54,0.00
103.172.110.98,2096,4,0.00,71.59,0.00
103.172.110.97,2096,4,0.00,71.68,0.00
103.172.110.98,2096,4,0.00,71.69,0.00
103.172.110.99,2096,4,0.00,71.85,0.00
103.172.110.99,2096,4,0.00,71.91,0.00
103.172.110.99,2096,4,0.00,72.00,0.00
103.172.110.96,2096,4,0.00,72.11,0.00
103.172.110.96,2096,4,0.00,72.14,0.00
103.172.110.121,2096,4,0.00,72.22,0.00
103.172.110.96,2096,4,0.00,72.26,0.00
103.172.110.99,2096,4,0.00,72.28,0.00
103.172.110.99,2096,4,0.00,72.33,0.00
103.172.110.98,2096,4,0.00,72.73,0.00
103.172.110.96,2096,4,0.00,72.86,0.00
103.172.110.96,2096,4,0.00,73.11,0.00
103.172.110.95,2096,4,0.00,73.56,0.00
103.172.110.99,2096,4,0.00,73.56,0.00
103.172.110.96,2096,4,0.00,73.95,0.00
103.172.110.97,2096,4,0.00,74.27,0.00
103.172.110.95,2096,4,0.00,74.49,0.00
103.172.110.99,2096,4,0.00,74.51,0.00
103.172.110.96,2096,4,0.00,74.65,0.00
103.172.110.96,2096,4,0.00,74.79,0.00
47.74.35.236,2096,4,0.00,74.82,0.00
103.172.110.95,2096,4,0.00,74.91,0.00
47.245.5.234,2096,4,0.00,76.10,0.00
103.172.110.95,2096,4,0.00,76.61,0.00
103.172.110.99,2096,4,0.00,77.42,0.00
103.172.110.99,2096,4,0.00,78.12,0.00
103.172.110.98,2096,4,0.00,79.35,0.00
103.172.110.95,2096,4,0.00,82.06,0.00
103.172.110.95,2096,4,0.00,82.60,0.00
103.172.110.96,2096,4,0.00,82.96,0.00
103.172.110.97,2096,4,0.00,82.99,0.00
47.74.56.138,2096,4,0.00,83.33,0.00
103.172.110.95,2096,4,0.00,85.19,0.00
103.172.110.109,2096,4,0.00,86.94,0.00
103.172.110.99,2096,4,0.00,89.75,0.00
47.74.37.227,2096,4,0.00,91.05,0.00
47.74.43.95,2096,4,0.00,91.32,0.00
103.172.110.99,2096,4,0.00,91.34,0.00
47.74.37.50,2096,4,0.00,92.76,0.00
168.138.192.65,2096,4,0.00,93.38,0.00
47.74.42.69,2096,4,0.00,94.52,0.00
141.147.172.107,2096,4,0.00,94.65,0.00
150.230.102.44,2096,4,0.00,97.77,0.00
103.172.110.101,2096,4,0.00,97.79,0.00
103.172.110.99,2096,4,0.00,101.34,0.00
103.172.110.103,2096,4,0.00,102.52,0.00
150.230.108.135,2096,4,0.00,103.68,0.00
103.172.110.101,2096,4,0.00,104.04,0.00
103.172.110.98,2096,4,0.00,104.71,0.00
103.172.110.97,2096,4,0.00,104.83,0.00
131.186.47.129,2096,4,0.00,106.58,0.00
103.172.110.99,2096,4,0.00,106.92,0.00
141.147.172.107,2096,4,0.00,107.60,0.00
168.138.210.122,2096,4,0.00,108.75,0.00
103.172.110.104,2096,4,0.00,108.90,0.00
150.230.101.152,2096,4,0.00,109.76,0.00
103.172.110.99,2096,4,0.00,113.44,0.00
103.172.110.109,2096,4,0.00,115.31,0.00
158.180.84.50,2096,4,0.00,116.53,0.00
103.172.110.97,2096,4,0.00,122.31,0.00
158.101.75.213,2096,4,0.00,124.59,0.00
103.172.110.103,2096,4,0.00,124.79,0.00
103.172.110.97,2096,4,0.00,124.97,0.00
103.172.110.98,2096,4,0.00,125.03,0.00
168.138.202.38,2096,4,0.00,128.41,0.00
103.172.111.168,2096,4,0.00,128.69,0.00
103.172.111.96,2096,4,0.00,128.91,0.00
104.16.15.194,2096,4,0.00,129.17,0.00
103.172.111.249,2096,4,0.00,129.62,0.00
103.172.111.168,2096,4,0.00,130.03,0.00
103.172.110.104,2096,4,0.00,131.69,0.00
47.88.13.240,2096,4,0.00,131.93,0.00
103.172.111.168,2096,4,0.00,132.78,0.00
103.172.111.249,2096,4,0.00,132.80,0.00
103.172.111.249,2096,4,0.00,133.22,0.00
103.172.111.101,2096,4,0.00,133.30,0.00
103.160.204.3,2096,4,0.00,133.54,0.00
103.172.111.65,2096,4,0.00,133.71,0.00
103.172.111.249,2096,4,0.00,133.76,0.00
103.172.111.168,2096,4,0.00,134.12,0.00
47.89.218.41,2096,4,0.00,134.23,0.00
103.172.111.101,2096,4,0.00,134.55,0.00
103.172.111.101,2096,4,0.00,135.05,0.00
103.160.204.3,2096,4,0.00,135.38,0.00
47.251.13.205,2096,4,0.00,135.47,0.00
47.251.13.205,2096,4,0.00,135.52,0.00
47.88.61.230,2096,4,0.00,135.95,0.00
103.172.111.65,2096,4,0.00,136.18,0.00
103.172.111.249,2096,4,0.00,136.36,0.00
47.88.46.136,2096,4,0.00,136.36,0.00
47.251.42.131,2096,4,0.00,137.13,0.00
47.88.77.61,2096,4,0.00,137.28,0.00
47.88.13.53,2096,4,0.00,137.43,0.00
103.172.111.101,2096,4,0.00,137.49,0.00
47.89.218.41,2096,4,0.00,137.54,0.00
103.172.111.249,2096,4,0.00,137.70,0.00
103.172.111.168,2096,4,0.00,137.83,0.00
103.172.110.108,2096,4,0.00,137.92,0.00
47.88.30.187,2096,4,0.00,138.16,0.00
103.172.111.96,2096,4,0.00,138.23,0.00
103.172.111.65,2096,4,0.00,138.35,0.00
103.172.111.96,2096,4,0.00,138.52,0.00
156.234.127.102,2096,4,0.00,138.58,0.00
103.172.111.168,2096,4,0.00,138.64,0.00
172.65.240.65,2096,4,0.00,138.79,0.00
103.172.111.96,2096,4,0.00,138.91,0.00
103.172.111.96,2096,4,0.00,139.04,0.00
47.89.227.208,2096,4,0.00,139.11,0.00
47.88.9.33,2096,4,0.00,139.19,0.00
103.172.111.168,2096,4,0.00,139.34,0.00
103.172.111.96,2096,4,0.00,139.73,0.00
47.88.12.253,2096,4,0.00,139.76,0.00
47.88.34.118,2096,4,0.00,139.78,0.00
47.88.11.145,2096,4,0.00,139.87,0.00
103.172.111.168,2096,4,0.00,140.16,0.00
103.172.111.168,2096,4,0.00,140.25,0.00
103.172.111.168,2096,4,0.00,140.35,0.00
103.172.111.168,2096,4,0.00,140.39,0.00
103.172.111.168,2096,4,0.00,140.40,0.00
103.172.111.168,2096,4,0.00,140.60,0.00
103.172.111.65,2096,4,0.00,140.68,0.00
103.172.111.168,2096,4,0.00,140.81,0.00
47.88.76.182,2096,4,0.00,141.02,0.00
103.172.111.188,2096,4,0.00,141.40,0.00
103.172.111.168,2096,4,0.00,141.52,0.00
158.180.67.192,2096,4,0.00,141.52,0.00
103.172.111.249,2096,4,0.00,141.53,0.00
47.251.47.242,2096,4,0.00,141.56,0.00
103.172.111.101,2096,4,0.00,141.56,0.00
103.172.111.168,2096,4,0.00,141.93,0.00
103.172.111.249,2096,4,0.00,142.05,0.00
104.16.15.194,2096,4,0.00,142.14,0.00
103.172.111.168,2096,4,0.00,142.25,0.00
103.172.111.168,2096,4,0.00,142.27,0.00
47.88.13.53,2096,4,0.00,142.40,0.00
103.172.111.96,2096,4,0.00,142.67,0.00
103.172.111.168,2096,4,0.00,142.74,0.00
47.251.3.62,2096,4,0.00,142.74,0.00
103.172.110.108,2096,4,0.00,142.77,0.00
103.172.111.65,2096,4,0.00,142.89,0.00
47.88.28.213,2096,4,0.00,142.91,0.00
47.88.10.227,2096,4,0.00,143.06,0.00
156.234.127.103,2096,4,0.00,143.07,0.00
156.234.127.100,2096,4,0.00,143.15,0.00
103.172.111.168,2096,4,0.00,143.18,0.00
103.172.111.168,2096,4,0.00,143.18,0.00
103.172.111.249,2096,4,0.00,143.27,0.00
103.172.111.65,2096,4,0.00,143.32,0.00
47.88.12.253,2096,4,0.00,143.63,0.00
103.172.111.168,2096,4,0.00,144.01,0.00
103.172.111.65,2096,4,0.00,144.05,0.00
103.172.111.65,2096,4,0.00,144.11,0.00
103.172.111.96,2096,4,0.00,144.35,0.00
47.251.42.131,2096,4,0.00,144.38,0.00
103.172.111.168,2096,4,0.00,144.41,0.00
47.251.43.132,2096,4,0.00,144.50,0.00
103.172.111.65,2096,4,0.00,144.75,0.00
103.172.111.249,2096,4,0.00,144.81,0.00
103.172.111.96,2096,4,0.00,144.86,0.00
47.251.6.118,2096,4,0.00,144.99,0.00
103.172.111.168,2096,4,0.00,145.07,0.00
104.16.161.13,2096,4,0.00,145.31,0.00
47.89.234.203,2096,4,0.00,145.49,0.00
47.88.55.200,2096,4,0.00,145.55,0.00
103.172.111.249,2096,4,0.00,145.56,0.00
104.18.36.141,2096,4,0.00,145.61,0.00
47.251.62.121,2096,4,0.00,145.73,0.00
47.251.57.253,2096,4,0.00,145.81,0.00
103.160.204.12,2096,4,0.00,145.91,0.00
47.251.44.201,2096,4,0.00,145.94,0.00
47.89.241.100,2096,4,0.00,145.99,0.00
47.251.6.118,2096,4,0.00,146.11,0.00
47.254.83.213,2096,4,0.00,146.49,0.00
47.88.60.74,2096,4,0.00,146.74,0.00
103.172.111.249,2096,4,0.00,147.03,0.00
103.172.110.100,2096,4,0.00,147.25,0.00
103.172.111.65,2096,4,0.00,147.49,0.00
103.172.111.107,2096,4,0.00,147.55,0.00
103.172.110.97,2096,4,0.00,147.61,0.00
103.172.111.65,2096,4,0.00,147.70,0.00
103.172.111.240,2096,4,0.00,147.70,0.00
104.16.160.13,2096,4,0.00,148.08,0.00
103.172.111.97,2096,4,0.00,148.12,0.00
103.172.111.188,2096,4,0.00,148.31,0.00
103.172.111.168,2096,4,0.00,148.49,0.00
47.89.218.41,2096,4,0.00,148.63,0.00
103.172.111.168,2096,4,0.00,148.73,0.00
103.172.111.168,2096,4,0.00,149.20,0.00
103.172.111.65,2096,4,0.00,149.78,0.00
103.172.111.249,2096,4,0.00,149.81,0.00
47.88.25.17,2096,4,0.00,149.88,0.00
103.172.111.65,2096,4,0.00,149.88,0.00
47.89.241.100,2096,4,0.00,150.64,0.00
47.88.12.253,2096,4,0.00,150.94,0.00
154.92.9.1,2096,4,0.00,150.99,0.00
103.172.111.249,2096,4,0.00,151.41,0.00
47.251.37.120,2096,4,0.00,151.65,0.00
103.172.111.168,2096,4,0.00,152.20,0.00
104.18.15.49,2096,4,0.00,152.20,0.00
47.88.31.186,2096,4,0.00,152.29,0.00
47.251.42.131,2096,4,0.00,152.47,0.00
103.172.110.98,2096,4,0.00,152.81,0.00
47.89.255.85,2096,4,0.00,152.83,0.00
141.193.213.20,2096,4,0.00,153.11,0.00
103.172.111.99,2096,4,0.00,153.39,0.00
47.89.241.100,2096,4,0.00,153.60,0.00
47.89.255.85,2096,4,0.00,153.74,0.00
47.88.46.136,2096,4,0.00,153.82,0.00
47.88.101.26,2096,4,0.00,153.90,0.00
198.11.183.164,2096,4,0.00,154.37,0.00
162.159.128.70,2096,4,0.00,154.39,0.00
103.172.111.96,2096,4,0.00,154.51,0.00
198.11.179.27,2096,4,0.00,154.97,0.00
104.17.235.232,2096,4,0.00,155.23,0.00
103.172.110.100,2096,4,0.00,155.38,0.00
103.172.111.168,2096,4,0.00,155.48,0.00
47.88.34.120,2096,4,0.00,155.56,0.00
103.172.111.252,2096,4,0.00,155.77,0.00
47.251.8.3,2096,4,0.00,155.77,0.00
47.88.61.230,2096,4,0.00,155.80,0.00
103.172.111.95,2096,4,0.00,155.86,0.00
172.64.151.104,2096,4,0.00,156.45,0.00
104.16.133.24,2096,4,0.00,156.55,0.00
47.88.11.228,2096,4,0.00,156.56,0.00
154.92.9.0,2096,4,0.00,156.61,0.00
103.172.110.99,2096,4,0.00,156.80,0.00
103.172.111.188,2096,4,0.00,156.86,0.00
103.172.111.65,2096,4,0.00,157.20,0.00
47.251.0.157,2096,4,0.00,157.30,0.00
103.172.111.168,2096,4,0.00,157.43,0.00
156.234.127.116,2096,4,0.00,157.53,0.00
103.172.111.101,2096,4,0.00,157.57,0.00
103.172.111.101,2096,4,0.00,157.79,0.00
103.172.111.97,2096,4,0.00,157.88,0.00
103.172.110.104,2096,4,0.00,158.06,0.00
47.88.101.16,2096,4,0.00,158.21,0.00
47.251.62.254,2096,4,0.00,158.36,0.00
103.172.111.248,2096,4,0.00,158.54,0.00
103.172.111.246,2096,4,0.00,158.57,0.00
131.186.41.221,2096,4,0.00,159.06,0.00
103.172.111.30,2096,4,0.00,159.46,0.00
103.172.111.101,2096,4,0.00,159.53,0.00
47.251.62.177,2096,4,0.00,160.03,0.00
103.172.111.95,2096,4,0.00,160.65,0.00
103.172.110.103,2096,4,0.00,160.68,0.00
104.18.15.15,2096,4,0.00,160.98,0.00
47.88.28.213,2096,4,0.00,161.69,0.00
103.172.111.95,2096,4,0.00,162.11,0.00
47.251.4.62,2096,4,0.00,162.19,0.00
103.172.110.108,2096,4,0.00,163.27,0.00
158.180.73.61,2096,4,0.00,163.31,0.00
103.172.111.50,2096,4,0.00,164.58,0.00
103.172.111.249,2096,4,0.00,164.71,0.00
47.88.65.51,2096,4,0.00,165.18,0.00
103.172.110.103,2096,4,0.00,166.14,0.00
103.172.111.101,2096,4,0.00,166.21,0.00
162.159.129.70,2096,4,0.00,166.25,0.00
47.88.60.74,2096,4,0.00,166.29,0.00
103.172.110.101,2096,4,0.00,166.44,0.00
156.234.127.102,2096,4,0.00,166.47,0.00
103.172.110.95,2096,4,0.00,166.55,0.00
103.172.111.97,2096,4,0.00,167.26,0.00
103.172.111.167,2096,4,0.00,168.29,0.00
103.172.111.65,2096,4,0.00,168.36,0.00
47.89.252.125,2096,4,0.00,168.76,0.00
103.172.110.109,2096,4,0.00,168.80,0.00
103.172.110.95,2096,4,0.00,168.86,0.00
103.172.111.96,2096,4,0.00,170.61,0.00
47.251.62.196,2096,4,0.00,173.19,0.00
103.172.110.96,2096,4,0.00,173.22,0.00
47.251.44.72,2096,4,0.00,173.70,0.00
47.88.11.68,2096,4,0.00,173.88,0.00
47.251.62.68,2096,4,0.00,174.12,0.00
47.251.5.139,2096,4,0.00,174.38,0.00
47.89.217.1,2096,4,0.00,174.63,0.00
103.172.111.95,2096,4,0.00,174.86,0.00
103.172.110.101,2096,4,0.00,175.85,0.00
103.172.110.97,2096,4,0.00,175.96,0.00
47.88.11.68,2096,4,0.00,176.31,0.00
47.88.11.68,2096,4,0.00,176.98,0.00
47.88.7.91,2096,4,0.00,177.06,0.00
47.88.85.209,2096,4,0.00,178.15,0.00
103.172.111.15,2096,4,0.00,179.40,0.00
103.172.111.168,2096,4,0.00,180.20,0.00
103.172.110.109,2096,4,0.00,181.15,0.00
103.172.111.250,2096,4,0.00,181.80,0.00
141.147.158.93,2096,4,0.00,182.42,0.00
47.88.63.171,2096,4,0.00,183.22,0.00
47.251.46.156,2096,4,0.00,184.85,0.00
172.67.212.167,2096,4,0.00,184.99,0.00
104.21.80.53,2096,4,0.00,185.12,0.00
47.88.60.181,2096,4,0.00,185.18,0.00
47.88.76.182,2096,4,0.00,185.29,0.00
103.160.204.46,2096,4,0.00,186.00,0.00
141.147.149.111,2096,4,0.00,187.17,0.00
172.67.144.162,2096,4,0.00,187.40,0.00
47.88.28.213,2096,4,0.00,187.42,0.00
47.88.29.148,2096,4,0.00,187.45,0.00
103.172.111.168,2096,4,0.00,187.75,0.00
47.251.48.51,2096,4,0.00,187.98,0.00
138.2.60.92,2096,4,0.00,188.26,0.00
172.67.213.109,2096,4,0.00,188.99,0.00
103.172.111.168,2096,4,0.00,188.99,0.00
172.67.176.117,2096,4,0.00,189.02,0.00
172.67.148.162,2096,4,0.00,189.24,0.00
138.2.12.177,2096,4,0.00,189.41,0.00
47.254.95.100,2096,4,0.00,189.95,0.00
47.88.46.136,2096,4,0.00,190.42,0.00
47.88.87.171,2096,4,0.00,190.46,0.00
47.88.100.87,2096,4,0.00,191.06,0.00
103.172.111.95,2096,4,0.00,191.87,0.00
47.88.88.239,2096,4,0.00,192.20,0.00
47.89.216.143,2096,4,0.00,192.30,0.00
8.222.180.242,2096,4,0.00,192.35,0.00
8.222.156.205,2096,4,0.00,192.72,0.00
8.219.121.195,2096,4,0.00,192.83,0.00
8.219.117.145,2096,4,0.00,192.89,0.00
47.88.94.94,2096,4,0.00,192.97,0.00
103.172.110.99,2096,4,0.00,193.22,0.00
104.22.58.249,2096,4,0.00,193.28,0.00
8.222.128.33,2096,4,0.00,193.64,0.00
8.222.212.172,2096,4,0.00,194.56,0.00
8.222.156.205,2096,4,0.00,194.79,0.00
8.219.193.97,2096,4,0.00,195.24,0.00
103.172.110.95,2096,4,0.00,195.42,0.00
47.251.9.35,2096,4,0.00,195.62,0.00
8.222.181.177,2096,4,0.00,196.21,0.00
8.222.140.87,2096,4,0.00,196.65,0.00
8.219.235.164,2096,4,0.00,196.71,0.00
8.219.252.191,2096,4,0.00,196.89,0.00
8.222.197.62,2096,4,0.00,197.44,0.00
103.172.110.102,2096,4,0.00,198.22,0.00
140.83.48.169,2096,4,0.00,198.26,0.00
47.251.40.195,2096,4,0.00,198.30,0.00
8.222.198.105,2096,4,0.00,198.33,0.00
8.219.193.97,2096,4,0.00,198.52,0.00
8.219.193.97,2096,4,0.00,198.69,0.00
47.88.94.222,2096,4,0.00,198.77,0.00
8.222.254.91,2096,4,0.00,198.77,0.00
103.172.111.168,2096,4,0.00,198.86,0.00
47.88.26.229,2096,4,0.00,198.90,0.00
8.219.191.131,2096,4,0.00,199.18,0.00
8.222.214.231,2096,4,0.00,199.28,0.00
8.219.114.223,2096,4,0.00,199.33,0.00
8.222.152.3,2096,4,0.00,199.55,0.00
8.219.98.13,2096,4,0.00,199.75,0.00
8.222.210.237,2096,4,0.00,200.00,0.00
8.219.207.43,2096,4,0.00,200.24,0.00
8.219.235.164,2096,4,0.00,200.40,0.00
103.172.111.168,2096,4,0.00,200.96,0.00
103.172.110.100,2096,4,0.00,200.98,0.00
8.219.117.145,2096,4,0.00,201.41,0.00
168.138.40.240,2096,4,0.00,202.10,0.00
8.222.214.137,2096,4,0.00,202.16,0.00
8.222.133.63,2096,4,0.00,202.22,0.00
8.222.193.225,2096,4,0.00,202.57,0.00
103.172.110.98,2096,4,0.00,202.57,0.00
141.147.146.149,2096,4,0.00,202.81,0.00
8.219.173.201,2096,4,0.00,202.86,0.00
8.219.159.232,2096,4,0.00,203.11,0.00
8.222.224.17,2096,4,0.00,203.15,0.00
8.219.157.97,2096,4,0.00,203.53,0.00
8.219.237.250,2096,4,0.00,203.77,0.00
8.222.201.181,2096,4,0.00,203.98,0.00
47.88.31.47,2096,4,0.00,204.17,0.00
8.219.159.232,2096,4,0.00,204.55,0.00
8.219.126.235,2096,4,0.00,204.87,0.00
47.88.79.59,2096,4,0.00,204.95,0.00
103.172.111.168,2096,4,0.00,205.44,0.00
103.172.110.97,2096,4,0.00,205.58,0.00
64.110.101.106,2096,4,0.00,206.29,0.00
103.172.111.101,2096,4,0.00,206.50,0.00
103.172.111.101,2096,4,0.00,206.60,0.00
47.251.46.156,2096,4,0.00,207.02,0.00
8.222.222.64,2096,4,0.00,207.68,0.00
8.222.244.123,2096,4,0.00,208.19,0.00
47.88.84.18,2096,4,0.00,208.28,0.00
8.219.172.204,2096,4,0.00,208.85,0.00
103.172.111.101,2096,4,0.00,208.89,0.00
8.222.187.4,2096,4,0.00,208.91,0.00
8.222.211.16,2096,4,0.00,209.12,0.00
8.222.212.172,2096,4,0.00,209.67,0.00
103.172.110.95,2096,4,0.00,209.90,0.00
8.222.136.9,2096,4,0.00,210.30,0.00
8.222.252.49,2096,4,0.00,210.51,0.00
104.26.2.199,2096,4,0.00,210.84,0.00
8.222.255.15,2096,4,0.00,211.38,0.00
8.222.152.165,2096,4,0.00,212.37,0.00
172.67.73.9,2096,4,0.00,213.35,0.00
138.2.58.79,2096,4,0.00,213.38,0.00
8.222.213.221,2096,4,0.00,213.91,0.00
103.172.111.96,2096,4,0.00,214.45,0.00
104.22.57.178,2096,4,0.00,216.80,0.00
8.222.251.201,2096,4,0.00,218.17,0.00
8.219.111.175,2096,4,0.00,218.64,0.00
47.88.57.75,2096,4,0.00,218.65,0.00
104.26.0.120,2096,4,0.00,219.92,0.00
103.172.111.101,2096,4,0.00,220.62,0.00
8.219.117.145,2096,4,0.00,221.05,0.00
104.26.9.186,2096,4,0.00,221.61,0.00
8.219.206.53,2096,4,0.00,222.10,0.00
103.172.111.168,2096,4,0.00,222.20,0.00
141.147.153.76,2096,4,0.00,223.46,0.00
47.88.20.212,2096,4,0.00,224.29,0.00
47.88.15.237,2096,4,0.00,224.46,0.00
47.88.30.104,2096,4,0.00,225.92,0.00
8.219.201.8,2096,4,0.00,226.66,0.00
47.88.54.111,2096,4,0.00,226.70,0.00
103.172.111.246,2096,4,0.00,227.03,0.00
103.172.111.246,2096,4,0.00,227.70,0.00
103.172.111.246,2096,4,0.00,228.08,0.00
8.219.235.164,2096,4,0.00,232.85,0.00
103.172.111.168,2096,4,0.00,233.11,0.00
8.209.73.114,2096,4,0.00,233.21,0.00
8.209.78.173,2096,4,0.00,233.98,0.00
8.209.80.55,2096,4,0.00,234.27,0.00
64.110.106.105,2096,4,0.00,234.64,0.00
168.138.55.130,2096,4,0.00,234.71,0.00
47.91.67.37,2096,4,0.00,235.05,0.00
47.91.72.158,2096,4,0.00,235.42,0.00
103.172.111.168,2096,4,0.00,235.50,0.00
8.209.117.14,2096,4,0.00,235.59,0.00
8.209.73.101,2096,4,0.00,235.79,0.00
103.172.111.168,2096,4,0.00,235.90,0.00
8.209.66.207,2096,4,0.00,236.06,0.00
8.209.73.114,2096,4,0.00,236.12,0.00
8.209.119.20,2096,4,0.00,236.54,0.00
47.254.181.245,2096,4,0.00,236.63,0.00
172.67.69.170,2096,4,0.00,236.65,0.00
47.91.72.158,2096,4,0.00,237.11,0.00
8.209.73.101,2096,4,0.00,237.18,0.00
8.209.90.110,2096,4,0.00,237.48,0.00
47.254.145.86,2096,4,0.00,238.03,0.00
103.172.111.96,2096,4,0.00,238.21,0.00
47.254.148.6,2096,4,0.00,238.31,0.00
8.209.103.4,2096,4,0.00,238.48,0.00
8.209.75.236,2096,4,0.00,238.58,0.00
103.172.111.168,2096,4,0.00,238.74,0.00
8.211.2.41,2096,4,0.00,238.75,0.00
8.211.6.77,2096,4,0.00,238.86,0.00
8.211.2.219,2096,4,0.00,238.89,0.00
8.211.6.77,2096,4,0.00,238.99,0.00
8.209.88.115,2096,4,0.00,239.06,0.00
47.91.77.97,2096,4,0.00,239.58,0.00
47.91.93.249,2096,4,0.00,239.71,0.00
8.209.77.248,2096,4,0.00,239.92,0.00
8.211.0.248,2096,4,0.00,240.40,0.00
8.211.2.134,2096,4,0.00,241.13,0.00
8.211.3.245,2096,4,0.00,241.14,0.00
8.209.117.14,2096,4,0.00,241.35,0.00
8.209.77.248,2096,4,0.00,241.88,0.00
8.209.115.204,2096,4,0.00,242.05,0.00
8.209.115.16,2096,4,0.00,242.23,0.00
8.209.67.191,2096,4,0.00,242.36,0.00
103.172.111.168,2096,4,0.00,242.48,0.00
8.209.119.56,2096,4,0.00,242.61,0.00
8.209.100.162,2096,4,0.00,242.65,0.00
103.172.111.101,2096,4,0.00,242.66,0.00
8.209.117.76,2096,4,0.00,242.85,0.00
103.172.111.168,2096,4,0.00,242.99,0.00
8.211.4.122,2096,4,0.00,242.99,0.00
8.209.119.56,2096,4,0.00,243.22,0.00
8.211.2.134,2096,4,0.00,243.26,0.00
8.209.76.227,2096,4,0.00,243.39,0.00
8.209.79.16,2096,4,0.00,243.71,0.00
47.91.91.134,2096,4,0.00,243.84,0.00
8.209.88.234,2096,4,0.00,244.00,0.00
8.208.85.121,2096,4,0.00,244.14,0.00
8.209.76.96,2096,4,0.00,244.16,0.00
8.209.90.110,2096,4,0.00,244.20,0.00
8.209.109.179,2096,4,0.00,244.35,0.00
8.209.108.170,2096,4,0.00,244.45,0.00
47.254.141.242,2096,4,0.00,244.59,0.00
8.209.76.1,2096,4,0.00,244.62,0.00
8.209.101.60,2096,4,0.00,244.68,0.00
8.209.73.114,2096,4,0.00,244.72,0.00
8.209.112.87,2096,4,0.00,244.78,0.00
8.209.80.34,2096,4,0.00,244.80,0.00
47.91.78.20,2096,4,0.00,244.86,0.00
8.209.77.205,2096,4,0.00,244.87,0.00
8.209.113.233,2096,4,0.00,245.19,0.00
8.209.68.133,2096,4,0.00,245.29,0.00
8.209.76.227,2096,4,0.00,245.35,0.00
103.172.110.97,2096,4,0.00,245.45,0.00
47.254.141.242,2096,4,0.00,245.58,0.00
103.172.111.101,2096,4,0.00,245.67,0.00
8.209.103.4,2096,4,0.00,245.73,0.00
141.147.151.64,2096,4,0.00,245.75,0.00
8.211.2.66,2096,4,0.00,245.80,0.00
8.209.96.2,2096,4,0.00,245.81,0.00
8.209.78.123,2096,4,0.00,245.91,0.00
8.209.68.133,2096,4,0.00,246.07,0.00
8.222.128.33,2096,4,0.00,246.13,0.00
8.209.115.204,2096,4,0.00,246.26,0.00
8.209.68.73,2096,4,0.00,246.38,0.00
8.209.112.109,2096,4,0.00,246.51,0.00
8.209.83.199,2096,4,0.00,246.52,0.00
8.209.79.16,2096,4,0.00,246.76,0.00
8.209.91.1,2096,4,0.00,247.11,0.00
130.61.136.114,2096,4,0.00,247.24,0.00
8.211.0.248,2096,4,0.00,247.42,0.00
130.61.43.125,2096,4,0.00,247.50,0.00
8.209.81.84,2096,4,0.00,247.53,0.00
8.209.99.141,2096,4,0.00,247.80,0.00
8.209.100.162,2096,4,0.00,247.95,0.00
8.209.118.162,2096,4,0.00,248.05,0.00
47.91.65.49,2096,4,0.00,248.09,0.00
47.91.95.59,2096,4,0.00,248.60,0.00
47.254.135.201,2096,4,0.00,248.97,0.00
130.61.107.20,2096,4,0.00,248.99,0.00
8.211.2.41,2096,4,0.00,249.02,0.00
132.145.50.217,2096,4,0.00,249.05,0.00
47.91.65.49,2096,4,0.00,249.15,0.00
130.61.36.111,2096,4,0.00,249.43,0.00
8.209.80.55,2096,4,0.00,249.52,0.00
8.211.2.66,2096,4,0.00,249.59,0.00
8.209.76.1,2096,4,0.00,249.64,0.00
103.172.110.98,2096,4,0.00,249.74,0.00
47.254.181.245,2096,4,0.00,249.82,0.00
8.209.96.2,2096,4,0.00,250.11,0.00
103.172.111.100,2096,4,0.00,250.14,0.00
104.22.46.163,2096,4,0.00,250.36,0.00
47.91.78.20,2096,4,0.00,250.42,0.00
8.209.79.44,2096,4,0.00,250.60,0.00
130.61.110.34,2096,4,0.00,250.96,0.00
47.254.129.24,2096,4,0.00,251.19,0.00
47.88.61.255,2096,4,0.00,251.30,0.00
152.67.139.214,2096,4,0.00,251.43,0.00
47.91.92.187,2096,4,0.00,251.76,0.00
8.209.78.116,2096,4,0.00,252.22,0.00
8.209.111.155,2096,4,0.00,252.28,0.00
47.91.75.163,2096,4,0.00,252.39,0.00
8.209.73.188,2096,4,0.00,252.39,0.00
8.209.72.56,2096,4,0.00,252.42,0.00
103.172.111.96,2096,4,0.00,252.55,0.00
8.209.116.131,2096,4,0.00,252.55,0.00
8.209.111.157,2096,4,0.00,252.61,0.00
8.209.91.80,2096,4,0.00,252.90,0.00
47.88.85.162,2096,4,0.00,253.45,0.00
132.145.30.110,2096,4,0.00,253.80,0.00
8.209.117.188,2096,4,0.00,253.97,0.00
8.209.80.34,2096,4,0.00,254.07,0.00
8.209.109.179,2096,4,0.00,254.08,0.00
138.2.62.4,2096,4,0.00,254.08,0.00
8.208.85.121,2096,4,0.00,254.47,0.00
8.209.110.181,2096,4,0.00,254.53,0.00
141.147.78.126,2096,4,0.00,254.57,0.00
130.61.187.110,2096,4,0.00,255.02,0.00
8.209.70.126,2096,4,0.00,255.32,0.00
132.226.133.103,2096,4,0.00,255.78,0.00
132.145.24.159,2096,4,0.00,255.81,0.00
8.209.103.4,2096,4,0.00,255.99,0.00
141.147.64.141,2096,4,0.00,255.99,0.00
8.209.88.234,2096,4,0.00,256.05,0.00
132.145.32.61,2096,4,0.00,256.41,0.00
8.209.109.179,2096,4,0.00,256.43,0.00
47.254.130.228,2096,4,0.00,256.59,0.00
103.172.111.98,2096,4,0.00,256.67,0.00
144.21.54.114,2096,4,0.00,256.94,0.00
8.209.78.173,2096,4,0.00,256.95,0.00
130.61.84.171,2096,4,0.00,257.08,0.00
47.254.177.18,2096,4,0.00,257.28,0.00
103.172.111.96,2096,4,0.00,257.28,0.00
47.91.92.187,2096,4,0.00,257.81,0.00
8.209.117.46,2096,4,0.00,258.29,0.00
8.209.116.131,2096,4,0.00,258.54,0.00
130.61.111.37,2096,4,0.00,258.60,0.00
8.209.107.31,2096,4,0.00,258.73,0.00
47.254.174.158,2096,4,0.00,258.73,0.00
8.209.117.182,2096,4,0.00,258.83,0.00
141.147.118.222,2096,4,0.00,258.91,0.00
8.209.106.11,2096,4,0.00,258.98,0.00
47.91.79.11,2096,4,0.00,259.07,0.00
132.145.36.63,2096,4,0.00,259.51,0.00
144.21.57.199,2096,4,0.00,259.68,0.00
103.172.111.96,2096,4,0.00,259.96,0.00
47.254.172.95,2096,4,0.00,259.98,0.00
8.209.107.97,2096,4,0.00,260.02,0.00
8.209.116.140,2096,4,0.00,260.53,0.00
8.209.118.115,2096,4,0.00,260.63,0.00
8.209.73.181,2096,4,0.00,261.02,0.00
8.209.100.126,2096,4,0.00,261.27,0.00
8.209.98.219,2096,4,0.00,261.61,0.00
141.147.66.210,2096,4,0.00,261.85,0.00
8.209.117.76,2096,4,0.00,261.85,0.00
47.91.78.10,2096,4,0.00,262.25,0.00
8.209.112.198,2096,4,0.00,262.40,0.00
8.209.91.175,2096,4,0.00,262.57,0.00
8.209.105.36,2096,4,0.00,262.79,0.00
47.245.160.131,2096,4,0.00,262.81,0.00
138.2.46.2,2096,4,0.00,263.13,0.00
47.91.89.95,2096,4,0.00,263.42,0.00
130.61.102.119,2096,4,0.00,263.51,0.00
47.91.87.63,2096,4,0.00,263.52,0.00
132.145.32.15,2096,4,0.00,263.55,0.00
47.91.87.63,2096,4,0.00,263.62,0.00
47.254.181.128,2096,4,0.00,263.65,0.00
47.91.74.162,2096,4,0.00,263.83,0.00
8.209.105.97,2096,4,0.00,263.94,0.00
103.172.111.96,2096,4,0.00,264.06,0.00
141.147.79.183,2096,4,0.00,264.22,0.00
132.145.36.171,2096,4,0.00,264.64,0.00
8.209.119.2,2096,4,0.00,264.92,0.00
141.147.72.201,2096,4,0.00,264.99,0.00
8.209.115.204,2096,4,0.00,265.04,0.00
8.209.105.228,2096,4,0.00,265.21,0.00
143.47.232.217,2096,4,0.00,265.22,0.00
8.209.99.4,2096,4,0.00,265.31,0.00
141.147.73.99,2096,4,0.00,265.35,0.00
8.209.78.123,2096,4,0.00,265.61,0.00
132.145.35.89,2096,4,0.00,265.90,0.00
47.91.95.2,2096,4,0.00,266.10,0.00
103.172.111.98,2096,4,0.00,266.22,0.00
141.147.69.246,2096,4,0.00,266.59,0.00
8.209.101.176,2096,4,0.00,266.89,0.00
8.209.83.199,2096,4,0.00,267.23,0.00
47.91.89.95,2096,4,0.00,267.24,0.00
8.209.97.110,2096,4,0.00,267.64,0.00
8.209.73.181,2096,4,0.00,267.66,0.00
8.209.105.46,2096,4,0.00,267.80,0.00
47.254.156.95,2096,4,0.00,267.89,0.00
103.172.111.101,2096,4,0.00,267.95,0.00
132.145.58.68,2096,4,0.00,268.00,0.00
103.172.111.96,2096,4,0.00,268.13,0.00
141.147.115.252,2096,4,0.00,268.35,0.00
132.145.22.221,2096,4,0.00,268.85,0.00
8.209.114.250,2096,4,0.00,269.08,0.00
132.145.42.24,2096,4,0.00,269.10,0.00
8.209.114.214,2096,4,0.00,269.40,0.00
103.172.111.101,2096,4,0.00,269.40,0.00
8.209.111.39,2096,4,0.00,269.46,0.00
8.209.100.154,2096,4,0.00,269.47,0.00
47.254.177.18,2096,4,0.00,269.78,0.00
47.245.180.138,2096,4,0.00,269.81,0.00
132.145.239.139,2096,4,0.00,269.85,0.00
8.209.117.76,2096,4,0.00,270.20,0.00
132.145.29.181,2096,4,0.00,270.34,0.00
8.211.3.178,2096,4,0.00,270.66,0.00
47.254.183.14,2096,4,0.00,271.10,0.00
8.209.105.165,2096,4,0.00,271.75,0.00
8.209.101.184,2096,4,0.00,271.82,0.00
132.145.29.156,2096,4,0.00,271.90,0.00
103.172.111.96,2096,4,0.00,272.07,0.00
8.209.119.20,2096,4,0.00,272.29,0.00
130.61.130.218,2096,4,0.00,272.47,0.00
47.254.177.18,2096,4,0.00,273.28,0.00
8.209.66.103,2096,4,0.00,273.38,0.00
8.209.100.82,2096,4,0.00,273.47,0.00
47.91.93.153,2096,4,0.00,273.97,0.00
8.209.100.82,2096,4,0.00,274.05,0.00
8.209.97.162,2096,4,0.00,274.37,0.00
148.66.138.153,2096,4,0.00,274.55,0.00
47.254.181.128,2096,4,0.00,274.56,0.00
8.211.6.183,2096,4,0.00,274.61,0.00
8.209.82.58,2096,4,0.00,274.69,0.00
47.245.176.179,2096,4,0.00,274.76,0.00
8.209.98.219,2096,4,0.00,274.80,0.00
103.172.111.97,2096,4,0.00,275.13,0.00
8.209.115.109,2096,4,0.00,275.29,0.00
141.147.26.120,2096,4,0.00,276.02,0.00
103.172.111.168,2096,4,0.00,276.42,0.00
8.209.104.206,2096,4,0.00,276.54,0.00
8.209.73.234,2096,4,0.00,276.71,0.00
132.145.44.99,2096,4,0.00,277.44,0.00
130.162.171.220,2096,4,0.00,278.12,0.00
130.61.40.232,2096,4,0.00,278.44,0.00
8.209.102.178,2096,4,0.00,278.51,0.00
132.145.46.204,2096,4,0.00,278.55,0.00
103.172.111.99,2096,4,0.00,278.62,0.00
141.147.85.30,2096,4,0.00,278.71,0.00
103.172.111.101,2096,4,0.00,278.84,0.00
130.162.234.56,2096,4,0.00,279.46,0.00
47.254.130.164,2096,4,0.00,279.59,0.00
103.172.111.168,2096,4,0.00,279.65,0.00
8.209.107.97,2096,4,0.00,279.73,0.00
8.209.117.108,2096,4,0.00,279.81,0.00
103.172.111.98,2096,4,0.00,280.11,0.00
103.172.110.99,2096,4,0.00,280.27,0.00
103.172.111.96,2096,4,0.00,280.27,0.00
103.172.111.101,2096,4,0.00,280.94,0.00
8.209.110.199,2096,4,0.00,281.02,0.00
8.209.91.147,2096,4,0.00,281.67,0.00
143.47.225.233,2096,4,0.00,281.70,0.00
103.172.111.246,2096,4,0.00,282.09,0.00
103.172.110.95,2096,4,0.00,282.19,0.00
8.209.89.152,2096,4,0.00,282.59,0.00
141.147.8.27,2096,4,0.00,282.96,0.00
8.211.2.90,2096,4,0.00,283.80,0.00
103.172.111.95,2096,4,0.00,283.82,0.00
47.254.167.71,2096,4,0.00,284.05,0.00
8.211.10.155,2096,4,0.00,284.21,0.00
8.209.118.27,2096,4,0.00,284.52,0.00
8.211.5.247,2096,4,0.00,284.99,0.00
103.172.111.96,2096,4,0.00,285.23,0.00
8.209.73.116,2096,4,0.00,286.04,0.00
8.209.118.120,2096,4,0.00,286.10,0.00
47.254.167.71,2096,4,0.00,287.01,0.00
8.211.2.41,2096,4,0.00,287.50,0.00
130.61.47.222,2096,4,0.00,287.52,0.00
103.172.111.168,2096,4,0.00,287.52,0.00
103.172.111.97,2096,4,0.00,287.75,0.00
8.211.1.40,2096,4,0.00,287.81,0.00
103.172.111.98,2096,4,0.00,288.39,0.00
103.172.111.101,2096,4,0.00,288.75,0.00
8.211.6.77,2096,4,0.00,289.00,0.00
103.172.111.168,2096,4,0.00,289.84,0.00
8.209.109.15,2096,4,0.00,290.33,0.00
103.172.111.154,2096,4,0.00,290.44,0.00
8.208.86.31,2096,4,0.00,290.46,0.00
8.209.80.114,2096,4,0.00,290.96,0.00
8.211.3.245,2096,4,0.00,291.05,0.00
141.147.78.201,2096,4,0.00,291.59,0.00
103.172.111.95,2096,4,0.00,292.18,0.00
103.172.111.106,2096,4,0.00,292.46,0.00
8.209.80.91,2096,4,0.00,292.72,0.00
103.172.111.95,2096,4,0.00,292.77,0.00
8.209.114.91,2096,4,0.00,293.28,0.00
8.209.77.1,2096,4,0.00,293.39,0.00
8.209.81.179,2096,4,0.00,293.45,0.00
8.209.90.83,2096,4,0.00,293.53,0.00
8.211.3.18,2096,4,0.00,293.89,0.00
8.209.101.35,2096,4,0.00,294.03,0.00
8.209.119.216,2096,4,0.00,294.58,0.00
103.172.111.95,2096,4,0.00,294.76,0.00
138.2.138.90,2096,4,0.00,295.26,0.00
103.172.111.112,2096,4,0.00,296.03,0.00
130.61.32.141,2096,4,0.00,296.48,0.00
144.21.63.93,2096,4,0.00,297.79,0.00
144.21.63.135,2096,4,0.00,297.82,0.00
103.172.111.101,2096,4,0.00,297.95,0.00
8.211.3.21,2096,4,0.00,299.21,0.00
103.172.110.95,2096,4,0.00,299.40,0.00
103.172.111.96,2096,4,0.00,299.41,0.00
103.172.111.107,2096,4,0.00,299.69,0.00
152.70.160.57,2096,4,0.00,300.24,0.00
103.172.111.95,2096,4,0.00,300.37,0.00
144.21.49.133,2096,4,0.00,300.65,0.00
103.172.111.99,2096,4,0.00,300.76,0.00
8.209.103.155,2096,4,0.00,300.78,0.00
8.209.97.99,2096,4,0.00,300.87,0.00
103.172.110.98,2096,4,0.00,300.97,0.00
8.209.91.80,2096,4,0.00,301.12,0.00
103.172.111.97,2096,4,0.00,301.82,0.00
8.211.3.43,2096,4,0.00,301.88,0.00
103.172.111.98,2096,4,0.00,304.02,0.00
132.145.30.4,2096,4,0.00,304.29,0.00
141.147.45.121,2096,4,0.00,306.21,0.00
8.209.85.26,2096,4,0.00,306.88,0.00
8.209.90.200,2096,4,0.00,308.65,0.00
8.211.3.141,2096,4,0.00,308.88,0.00
103.172.111.168,2096,4,0.00,309.04,0.00
103.172.111.96,2096,4,0.00,309.57,0.00
188.166.245.226,2096,4,0.00,309.95,0.00
103.172.111.101,2096,4,0.00,310.04,0.00
103.172.111.95,2096,4,0.00,311.30,0.00
103.172.111.168,2096,4,0.00,312.99,0.00
130.162.39.203,2096,4,0.00,313.70,0.00
8.209.96.81,2096,4,0.00,314.31,0.00
8.211.5.115,2096,4,0.00,314.97,0.00
8.209.116.140,2096,4,0.00,315.72,0.00
141.147.26.171,2096,4,0.00,316.02,0.00
131.186.30.129,2096,4,0.00,316.63,0.00
143.198.213.222,2096,4,0.00,316.98,0.00
130.61.87.53,2096,4,0.00,317.30,0.00
8.211.3.243,2096,4,0.00,317.93,0.00
8.211.4.62,2096,4,0.00,319.39,0.00
143.198.195.208,2096,4,0.00,321.26,0.00
103.172.110.99,2096,4,0.00,323.36,0.00
8.209.100.82,2096,4,0.00,323.48,0.00
143.198.86.53,2096,4,0.00,324.09,0.00
138.2.155.215,2096,4,0.00,325.00,0.00
188.166.231.27,2096,4,0.00,325.55,0.00
8.209.85.64,2096,4,0.00,325.83,0.00
8.209.70.142,2096,4,0.00,326.91,0.00
152.67.76.52,2096,4,0.00,327.85,0.00
8.209.98.219,2096,4,0.00,327.94,0.00
128.199.144.209,2096,4,0.00,328.02,0.00
104.248.149.85,2096,4,0.00,331.54,0.00
103.172.111.168,2096,4,0.00,332.35,0.00
139.59.245.162,2096,4,0.00,334.18,0.00
8.209.100.154,2096,4,0.00,334.28,0.00
159.223.75.230,2096,4,0.00,334.44,0.00
101.100.231.43,2096,4,0.00,337.91,0.00
103.172.110.97,2096,4,0.00,337.93,0.00
103.11.189.75,2096,4,0.00,351.06,0.00
157.230.39.224,2096,4,0.00,359.46,0.00
47.254.176.207,2096,4,0.00,364.02,0.00
8.219.177.207,2096,4,0.00,370.38,0.00
103.172.110.96,2096,4,0.00,370.71,0.00
103.172.110.99,2096,4,0.00,371.92,0.00
103.172.110.99,2096,4,0.00,374.41,0.00
103.172.110.96,2096,4,0.00,382.12,0.00
103.172.110.98,2096,4,0.00,382.44,0.00
157.230.41.162,2096,4,0.00,387.27,0.00
47.254.183.240,2096,4,0.00,398.00,0.00
103.172.111.101,2096,4,0.00,399.70,0.00
103.172.111.101,2096,4,0.00,406.67,0.00
103.172.111.168,2096,4,0.00,408.46,0.00
103.172.111.101,2096,4,0.00,409.55,0.00
8.209.112.48,2096,4,0.00,410.50,0.00
141.147.67.164,2096,4,0.00,414.34,0.00
47.254.150.150,2096,4,0.00,414.81,0.00
103.172.111.168,2096,4,0.00,415.12,0.00
130.61.181.24,2096,4,0.00,418.13,0.00
103.172.111.101,2096,4,0.00,429.63,0.00
103.172.111.168,2096,4,0.00,429.67,0.00
103.172.111.106,2096,4,0.00,434.99,0.00
103.172.110.109,2096,3,0.25,33.18,0.00
103.172.110.101,2096,3,0.25,33.32,0.00
103.172.110.100,2096,3,0.25,33.59,0.00
103.172.110.104,2096,3,0.25,33.96,0.00
103.172.110.104,2096,3,0.25,34.11,0.00
103.172.110.109,2096,3,0.25,34.29,0.00
103.172.110.109,2096,3,0.25,34.36,0.00
103.172.110.101,2096,3,0.25,34.68,0.00
103.172.110.104,2096,3,0.25,34.72,0.00
103.172.110.104,2096,3,0.25,34.74,0.00
103.172.110.100,2096,3,0.25,34.84,0.00
103.172.110.109,2096,3,0.25,35.09,0.00
103.172.110.109,2096,3,0.25,36.20,0.00
103.172.110.109,2096,3,0.25,38.74,0.00
103.172.110.100,2096,3,0.25,39.24,0.00
47.243.179.249,2096,3,0.25,39.48,0.00
103.172.110.100,2096,3,0.25,39.71,0.00
103.172.110.100,2096,3,0.25,39.88,0.00
103.172.110.103,2096,3,0.25,39.94,0.00
103.172.110.109,2096,3,0.25,40.00,0.00
103.172.110.121,2096,3,0.25,40.11,0.00
103.172.110.121,2096,3,0.25,40.16,0.00
103.172.110.109,2096,3,0.25,40.17,0.00
103.172.110.102,2096,3,0.25,40.22,0.00
103.172.110.101,2096,3,0.25,40.54,0.00
103.172.110.102,2096,3,0.25,40.60,0.00
103.172.110.100,2096,3,0.25,40.88,0.00
103.172.110.109,2096,3,0.25,41.88,0.00
103.172.110.100,2096,3,0.25,45.59,0.00
103.172.110.103,2096,3,0.25,45.89,0.00
103.172.110.103,2096,3,0.25,47.23,0.00
103.172.110.102,2096,3,0.25,51.40,0.00
103.172.110.102,2096,3,0.25,52.10,0.00
103.172.110.104,2096,3,0.25,56.32,0.00
103.172.110.120,2096,3,0.25,57.27,0.00
103.172.110.101,2096,3,0.25,63.84,0.00
103.172.110.95,2096,3,0.25,65.28,0.00
103.172.110.99,2096,3,0.25,65.66,0.00
103.172.110.95,2096,3,0.25,65.72,0.00
103.172.110.95,2096,3,0.25,65.81,0.00
103.172.110.95,2096,3,0.25,66.02,0.00
103.172.110.98,2096,3,0.25,66.09,0.00
103.172.110.96,2096,3,0.25,66.10,0.00
103.172.110.98,2096,3,0.25,66.48,0.00
103.172.110.96,2096,3,0.25,66.57,0.00
103.172.110.98,2096,3,0.25,66.61,0.00
103.172.110.99,2096,3,0.25,66.62,0.00
103.172.110.95,2096,3,0.25,66.79,0.00
103.172.110.97,2096,3,0.25,66.88,0.00
103.172.110.99,2096,3,0.25,66.90,0.00
103.172.110.97,2096,3,0.25,66.93,0.00
103.172.110.95,2096,3,0.25,66.94,0.00
103.172.110.95,2096,3,0.25,67.04,0.00
103.172.110.98,2096,3,0.25,67.18,0.00
103.172.110.98,2096,3,0.25,67.26,0.00
103.172.110.97,2096,3,0.25,67.30,0.00
103.172.110.96,2096,3,0.25,67.35,0.00
103.172.110.98,2096,3,0.25,67.48,0.00
103.172.110.96,2096,3,0.25,67.64,0.00
103.172.110.99,2096,3,0.25,67.68,0.00
103.172.110.109,2096,3,0.25,67.69,0.00
103.172.110.97,2096,3,0.25,67.79,0.00
103.172.110.98,2096,3,0.25,67.81,0.00
103.172.110.95,2096,3,0.25,67.82,0.00
103.172.110.96,2096,3,0.25,67.82,0.00
103.172.110.97,2096,3,0.25,67.95,0.00
103.172.110.99,2096,3,0.25,68.06,0.00
103.172.110.95,2096,3,0.25,68.10,0.00
103.172.110.98,2096,3,0.25,68.10,0.00
103.172.110.95,2096,3,0.25,68.14,0.00
103.172.110.99,2096,3,0.25,68.18,0.00
103.172.110.99,2096,3,0.25,68.22,0.00
103.172.110.98,2096,3,0.25,68.30,0.00
103.172.110.97,2096,3,0.25,68.30,0.00
103.172.110.99,2096,3,0.25,68.39,0.00
103.172.110.7,2096,3,0.25,68.65,0.00
103.172.110.96,2096,3,0.25,69.06,0.00
103.172.110.98,2096,3,0.25,69.11,0.00
103.172.110.99,2096,3,0.25,69.14,0.00
103.172.110.96,2096,3,0.25,69.40,0.00
103.172.110.101,2096,3,0.25,69.63,0.00
103.172.110.98,2096,3,0.25,69.65,0.00
103.172.110.104,2096,3,0.25,69.72,0.00
103.172.110.97,2096,3,0.25,69.89,0.00
103.172.110.96,2096,3,0.25,70.01,0.00
103.172.110.97,2096,3,0.25,70.03,0.00
103.172.110.101,2096,3,0.25,70.49,0.00
103.172.110.99,2096,3,0.25,70.52,0.00
103.172.110.97,2096,3,0.25,70.73,0.00
103.172.110.97,2096,3,0.25,70.84,0.00
103.172.110.99,2096,3,0.25,70.89,0.00
103.172.110.97,2096,3,0.25,71.30,0.00
103.172.110.97,2096,3,0.25,71.49,0.00
103.172.110.96,2096,3,0.25,71.51,0.00
103.172.110.98,2096,3,0.25,71.93,0.00
103.172.110.95,2096,3,0.25,71.99,0.00
103.172.110.99,2096,3,0.25,72.10,0.00
103.172.110.98,2096,3,0.25,72.13,0.00
103.172.110.99,2096,3,0.25,72.14,0.00
103.172.110.97,2096,3,0.25,72.17,0.00
103.172.110.97,2096,3,0.25,72.27,0.00
103.172.110.97,2096,3,0.25,72.38,0.00
103.172.110.96,2096,3,0.25,72.57,0.00
103.172.110.96,2096,3,0.25,72.60,0.00
47.74.35.236,2096,3,0.25,72.66,0.00
103.172.110.7,2096,3,0.25,72.96,0.00
103.172.110.96,2096,3,0.25,73.23,0.00
103.172.110.95,2096,3,0.25,73.27,0.00
103.172.110.98,2096,3,0.25,73.34,0.00
103.172.110.95,2096,3,0.25,73.36,0.00
103.172.110.98,2096,3,0.25,73.53,0.00
103.172.110.98,2096,3,0.25,73.65,0.00
103.172.110.98,2096,3,0.25,73.78,0.00
103.172.110.97,2096,3,0.25,73.88,0.00
103.172.110.95,2096,3,0.25,73.98,0.00
103.172.110.97,2096,3,0.25,74.00,0.00
103.172.110.99,2096,3,0.25,74.07,0.00
103.172.110.95,2096,3,0.25,74.22,0.00
103.172.110.96,2096,3,0.25,74.43,0.00
103.172.110.7,2096,3,0.25,74.99,0.00
103.172.110.98,2096,3,0.25,75.20,0.00
103.172.110.95,2096,3,0.25,75.34,0.00
103.172.110.96,2096,3,0.25,75.93,0.00
103.172.110.97,2096,3,0.25,76.04,0.00
103.172.110.100,2096,3,0.25,76.69,0.00
103.172.110.95,2096,3,0.25,76.91,0.00
103.172.110.96,2096,3,0.25,77.68,0.00
103.172.110.108,2096,3,0.25,77.72,0.00
103.172.110.121,2096,3,0.25,77.88,0.00
103.172.110.98,2096,3,0.25,78.02,0.00
103.172.110.96,2096,3,0.25,78.22,0.00
103.172.110.96,2096,3,0.25,78.91,0.00
103.172.110.96,2096,3,0.25,79.13,0.00
103.172.110.99,2096,3,0.25,80.00,0.00
103.172.110.99,2096,3,0.25,80.04,0.00
103.172.110.97,2096,3,0.25,80.16,0.00
103.172.110.98,2096,3,0.25,80.28,0.00
103.172.110.97,2096,3,0.25,80.81,0.00
103.172.110.97,2096,3,0.25,81.03,0.00
103.172.110.97,2096,3,0.25,81.11,0.00
103.172.110.95,2096,3,0.25,81.77,0.00
103.172.110.95,2096,3,0.25,82.00,0.00
103.172.110.97,2096,3,0.25,83.31,0.00
103.172.110.95,2096,3,0.25,83.83,0.00
168.138.195.140,2096,3,0.25,84.31,0.00
103.172.110.96,2096,3,0.25,85.11,0.00
103.172.110.99,2096,3,0.25,85.76,0.00
103.172.110.109,2096,3,0.25,86.51,0.00
131.186.32.247,2096,3,0.25,86.62,0.00
141.147.160.15,2096,3,0.25,86.86,0.00
103.172.110.99,2096,3,0.25,87.10,0.00
150.230.101.108,2096,3,0.25,87.18,0.00
103.172.110.99,2096,3,0.25,88.87,0.00
103.172.110.101,2096,3,0.25,89.50,0.00
103.172.110.98,2096,3,0.25,89.62,0.00
103.172.110.97,2096,3,0.25,89.65,0.00
103.172.110.99,2096,3,0.25,90.55,0.00
103.172.110.98,2096,3,0.25,90.65,0.00
103.172.110.96,2096,3,0.25,90.67,0.00
103.172.110.97,2096,3,0.25,91.02,0.00
103.172.110.96,2096,3,0.25,92.43,0.00
47.91.31.231,2096,3,0.25,92.81,0.00
103.172.110.95,2096,3,0.25,93.10,0.00
103.172.110.95,2096,3,0.25,93.24,0.00
103.172.110.109,2096,3,0.25,93.56,0.00
103.172.110.103,2096,3,0.25,94.64,0.00
103.172.110.96,2096,3,0.25,94.79,0.00
103.172.110.97,2096,3,0.25,98.07,0.00
103.172.110.98,2096,3,0.25,100.73,0.00
103.172.110.97,2096,3,0.25,101.36,0.00
103.172.110.99,2096,3,0.25,101.64,0.00
168.138.210.122,2096,3,0.25,101.72,0.00
150.230.196.29,2096,3,0.25,102.44,0.00
103.172.110.99,2096,3,0.25,102.51,0.00
103.172.110.96,2096,3,0.25,102.69,0.00
103.172.110.95,2096,3,0.25,103.05,0.00
103.172.110.96,2096,3,0.25,103.38,0.00
103.172.110.98,2096,3,0.25,103.91,0.00
103.172.110.98,2096,3,0.25,104.13,0.00
103.172.110.102,2096,3,0.25,104.52,0.00
103.172.110.97,2096,3,0.25,107.86,0.00
103.172.110.98,2096,3,0.25,107.96,0.00
103.172.110.95,2096,3,0.25,108.25,0.00
103.172.110.10,2096,3,0.25,108.99,0.00
131.186.36.169,2096,3,0.25,110.30,0.00
103.172.110.97,2096,3,0.25,110.72,0.00
103.172.110.104,2096,3,0.25,111.80,0.00
131.186.37.48,2096,3,0.25,111.87,0.00
140.238.43.55,2096,3,0.25,113.96,0.00
103.172.110.96,2096,3,0.25,114.17,0.00
103.172.110.104,2096,3,0.25,114.21,0.00
152.67.209.37,2096,3,0.25,114.64,0.00
158.180.72.21,2096,3,0.25,114.67,0.00
158.180.95.52,2096,3,0.25,115.57,0.00
141.147.165.144,2096,3,0.25,115.88,0.00
103.172.110.104,2096,3,0.25,117.54,0.00
158.180.66.248,2096,3,0.25,118.51,0.00
158.180.78.33,2096,3,0.25,118.65,0.00
103.172.110.99,2096,3,0.25,119.96,0.00
103.172.110.98,2096,3,0.25,120.45,0.00
129.154.61.208,2096,3,0.25,120.72,0.00
158.180.66.96,2096,3,0.25,121.49,0.00
140.238.33.220,2096,3,0.25,123.92,0.00
103.172.110.101,2096,3,0.25,125.07,0.00
131.186.56.43,2096,3,0.25,125.79,0.00
103.172.110.97,2096,3,0.25,126.12,0.00
103.172.110.102,2096,3,0.25,126.82,0.00
103.172.110.98,2096,3,0.25,127.50,0.00
103.172.110.104,2096,3,0.25,127.70,0.00
103.172.110.98,2096,3,0.25,127.94,0.00
103.172.111.96,2096,3,0.25,128.43,0.00
103.172.111.168,2096,3,0.25,129.60,0.00
103.172.111.168,2096,3,0.25,129.60,0.00
103.172.111.96,2096,3,0.25,129.89,0.00
158.180.73.170,2096,3,0.25,130.21,0.00
103.172.111.246,2096,3,0.25,130.31,0.00
150.230.98.103,2096,3,0.25,130.91,0.00
103.172.110.99,2096,3,0.25,132.25,0.00
103.172.110.97,2096,3,0.25,132.31,0.00
103.172.111.249,2096,3,0.25,133.20,0.00
103.172.111.65,2096,3,0.25,133.49,0.00
104.18.14.213,2096,3,0.25,133.71,0.00
103.172.110.99,2096,3,0.25,133.77,0.00
103.172.110.101,2096,3,0.25,134.04,0.00
103.172.111.65,2096,3,0.25,134.48,0.00
103.172.111.65,2096,3,0.25,134.62,0.00
103.172.110.96,2096,3,0.25,134.97,0.00
103.172.111.249,2096,3,0.25,136.22,0.00
103.172.111.249,2096,3,0.25,136.51,0.00
103.172.110.95,2096,3,0.25,136.72,0.00
103.172.110.97,2096,3,0.25,136.80,0.00
103.172.110.100,2096,3,0.25,137.70,0.00
103.172.111.249,2096,3,0.25,137.85,0.00
156.234.127.103,2096,3,0.25,138.06,0.00
103.172.111.96,2096,3,0.25,138.77,0.00
103.172.111.116,2096,3,0.25,139.39,0.00
103.172.110.102,2096,3,0.25,139.60,0.00
103.172.111.168,2096,3,0.25,140.05,0.00
103.172.111.168,2096,3,0.25,140.08,0.00
103.172.110.96,2096,3,0.25,140.34,0.00
103.172.111.246,2096,3,0.25,140.40,0.00
103.172.111.65,2096,3,0.25,140.60,0.00
103.172.111.249,2096,3,0.25,140.87,0.00
172.66.43.110,2096,3,0.25,140.94,0.00
103.172.111.168,2096,3,0.25,141.00,0.00
103.172.111.249,2096,3,0.25,141.52,0.00
103.172.110.99,2096,3,0.25,141.67,0.00
103.172.111.65,2096,3,0.25,141.87,0.00
103.172.110.102,2096,3,0.25,141.93,0.00
104.18.16.101,2096,3,0.25,142.53,0.00
104.18.29.238,2096,3,0.25,142.70,0.00
103.172.110.100,2096,3,0.25,143.07,0.00
103.172.111.168,2096,3,0.25,143.14,0.00
47.88.13.53,2096,3,0.25,143.27,0.00
103.172.111.99,2096,3,0.25,143.41,0.00
103.172.111.168,2096,3,0.25,143.58,0.00
47.89.245.159,2096,3,0.25,143.98,0.00
162.159.128.70,2096,3,0.25,144.03,0.00
103.172.111.168,2096,3,0.25,144.20,0.00
103.172.111.249,2096,3,0.25,144.42,0.00
103.172.110.100,2096,3,0.25,144.74,0.00
103.172.110.99,2096,3,0.25,145.18,0.00
103.172.110.99,2096,3,0.25,145.29,0.00
103.172.111.168,2096,3,0.25,145.30,0.00
103.172.111.168,2096,3,0.25,145.69,0.00
103.172.110.95,2096,3,0.25,145.72,0.00
103.172.110.99,2096,3,0.25,145.79,0.00
103.172.111.101,2096,3,0.25,146.06,0.00
103.172.111.168,2096,3,0.25,146.12,0.00
103.172.111.168,2096,3,0.25,146.27,0.00
140.238.48.8,2096,3,0.25,146.35,0.00
103.172.110.95,2096,3,0.25,146.49,0.00
103.172.110.95,2096,3,0.25,146.73,0.00
103.172.111.95,2096,3,0.25,146.89,0.00
103.172.111.249,2096,3,0.25,147.15,0.00
103.172.111.65,2096,3,0.25,147.26,0.00
103.172.111.95,2096,3,0.25,147.32,0.00
103.172.111.96,2096,3,0.25,147.96,0.00
131.186.41.209,2096,3,0.25,148.36,0.00
103.172.111.168,2096,3,0.25,148.49,0.00
103.172.111.65,2096,3,0.25,148.76,0.00
103.172.110.104,2096,3,0.25,148.79,0.00
154.83.2.83,2096,3,0.25,148.79,0.00
103.172.110.99,2096,3,0.25,149.14,0.00
103.172.111.99,2096,3,0.25,149.14,0.00
103.172.111.99,2096,3,0.25,149.27,0.00
103.172.110.109,2096,3,0.25,149.41,0.00
47.89.249.31,2096,3,0.25,149.64,0.00
103.172.110.96,2096,3,0.25,149.66,0.00
150.230.97.53,2096,3,0.25,149.69,0.00
103.172.110.103,2096,3,0.25,150.52,0.00
103.172.111.101,2096,3,0.25,151.29,0.00
103.172.111.245,2096,3,0.25,151.33,0.00
103.172.111.168,2096,3,0.25,151.45,0.00
103.172.111.101,2096,3,0.25,151.48,0.00
104.18.27.174,2096,3,0.25,151.74,0.00
47.89.248.137,2096,3,0.25,151.74,0.00
103.172.111.101,2096,3,0.25,151.92,0.00
103.172.110.101,2096,3,0.25,152.05,0.00
103.172.111.249,2096,3,0.25,152.11,0.00
103.172.110.100,2096,3,0.25,152.13,0.00
103.172.111.65,2096,3,0.25,152.19,0.00
103.172.111.249,2096,3,0.25,152.92,0.00
103.172.110.98,2096,3,0.25,153.00,0.00
47.88.7.176,2096,3,0.25,153.52,0.00
103.172.111.95,2096,3,0.25,153.74,0.00
131.186.56.12,2096,3,0.25,154.02,0.00
47.88.60.74,2096,3,0.25,154.26,0.00
5.226.179.31,2096,3,0.25,154.40,0.00
103.172.110.100,2096,3,0.25,154.43,0.00
103.172.110.98,2096,3,0.25,154.92,0.00
104.18.22.54,2096,3,0.25,155.13,0.00
103.172.111.249,2096,3,0.25,155.33,0.00
103.172.111.246,2096,3,0.25,155.36,0.00
103.172.110.109,2096,3,0.25,155.41,0.00
103.172.111.168,2096,3,0.25,155.86,0.00
103.160.204.149,2096,3,0.25,156.09,0.00
103.172.111.253,2096,3,0.25,156.69,0.00
103.172.110.98,2096,3,0.25,156.89,0.00
103.172.111.95,2096,3,0.25,156.93,0.00
103.172.110.96,2096,3,0.25,157.99,0.00
103.172.111.96,2096,3,0.25,158.16,0.00
103.172.110.97,2096,3,0.25,158.28,0.00
103.172.111.146,2096,3,0.25,158.35,0.00
140.83.35.197,2096,3,0.25,158.41,0.00
104.18.24.203,2096,3,0.25,158.50,0.00
103.172.111.168,2096,3,0.25,158.79,0.00
103.172.111.95,2096,3,0.25,158.93,0.00
103.172.111.168,2096,3,0.25,158.93,0.00
103.172.111.99,2096,3,0.25,159.22,0.00
47.88.79.59,2096,3,0.25,159.24,0.00
103.172.110.101,2096,3,0.25,159.34,0.00
103.172.111.99,2096,3,0.25,159.38,0.00
103.172.111.168,2096,3,0.25,159.39,0.00
47.88.13.240,2096,3,0.25,159.39,0.00
103.172.110.99,2096,3,0.25,159.50,0.00
138.2.61.59,2096,3,0.25,159.59,0.00
104.16.163.13,2096,3,0.25,160.13,0.00
141.147.190.43,2096,3,0.25,160.35,0.00
103.172.110.104,2096,3,0.25,160.35,0.00
103.172.111.253,2096,3,0.25,160.40,0.00
103.172.110.98,2096,3,0.25,160.62,0.00
47.88.7.155,2096,3,0.25,160.71,0.00
103.172.110.97,2096,3,0.25,160.78,0.00
103.172.111.101,2096,3,0.25,160.96,0.00
103.172.111.246,2096,3,0.25,161.31,0.00
103.172.110.102,2096,3,0.25,161.51,0.00
104.18.30.192,2096,3,0.25,161.85,0.00
103.172.111.168,2096,3,0.25,161.94,0.00
103.172.111.95,2096,3,0.25,162.26,0.00
103.172.110.102,2096,3,0.25,163.07,0.00
103.172.110.100,2096,3,0.25,163.42,0.00
103.172.111.168,2096,3,0.25,164.04,0.00
103.172.111.96,2096,3,0.25,164.81,0.00
103.172.110.98,2096,3,0.25,164.82,0.00
103.172.110.10,2096,3,0.25,164.86,0.00
103.172.111.106,2096,3,0.25,164.88,0.00
103.172.111.249,2096,3,0.25,165.23,0.00
103.172.111.98,2096,3,0.25,166.06,0.00
103.172.110.103,2096,3,0.25,166.21,0.00
162.159.129.70,2096,3,0.25,166.73,0.00
103.172.110.95,2096,3,0.25,166.96,0.00
47.88.25.68,2096,3,0.25,167.14,0.00
104.17.158.1,2096,3,0.25,167.21,0.00
104.18.31.151,2096,3,0.25,167.41,0.00
103.172.111.249,2096,3,0.25,168.11,0.00
103.172.110.95,2096,3,0.25,168.52,0.00
103.172.110.96,2096,3,0.25,169.26,0.00
103.172.111.101,2096,3,0.25,169.46,0.00
103.172.111.106,2096,3,0.25,169.52,0.00
103.172.111.95,2096,3,0.25,169.72,0.00
103.172.111.168,2096,3,0.25,171.20,0.00
140.83.53.173,2096,3,0.25,171.71,0.00
47.251.63.225,2096,3,0.25,172.48,0.00
103.172.111.249,2096,3,0.25,172.88,0.00
103.172.111.95,2096,3,0.25,173.07,0.00
103.172.110.98,2096,3,0.25,173.10,0.00
103.172.111.245,2096,3,0.25,173.27,0.00
103.172.111.249,2096,3,0.25,173.61,0.00
103.172.110.99,2096,3,0.25,174.33,0.00
103.172.111.168,2096,3,0.25,175.10,0.00
103.172.110.97,2096,3,0.25,175.43,0.00
103.172.110.97,2096,3,0.25,175.63,0.00
103.172.111.104,2096,3,0.25,176.38,0.00
103.172.111.168,2096,3,0.25,176.48,0.00
103.172.110.97,2096,3,0.25,177.17,0.00
103.172.111.65,2096,3,0.25,177.45,0.00
103.172.110.98,2096,3,0.25,178.38,0.00
131.186.40.130,2096,3,0.25,178.42,0.00
103.172.110.99,2096,3,0.25,178.71,0.00
103.172.110.102,2096,3,0.25,178.82,0.00
103.172.111.168,2096,3,0.25,179.02,0.00
103.172.110.95,2096,3,0.25,179.68,0.00
103.172.110.97,2096,3,0.25,179.81,0.00
103.172.110.97,2096,3,0.25,180.04,0.00
150.230.59.40,2096,3,0.25,180.05,0.00
103.172.111.168,2096,3,0.25,180.47,0.00
103.172.110.97,2096,3,0.25,180.55,0.00
103.172.111.188,2096,3,0.25,182.24,0.00
47.88.17.93,2096,3,0.25,182.57,0.00
103.172.110.10,2096,3,0.25,183.31,0.00
103.172.111.101,2096,3,0.25,184.75,0.00
103.172.111.65,2096,3,0.25,185.34,0.00
103.172.111.96,2096,3,0.25,185.58,0.00
138.2.59.36,2096,3,0.25,186.08,0.00
103.172.110.96,2096,3,0.25,186.64,0.00
103.172.111.65,2096,3,0.25,187.11,0.00
103.172.110.96,2096,3,0.25,187.13,0.00
104.22.70.169,2096,3,0.25,189.55,0.00
8.222.199.55,2096,3,0.25,189.56,0.00
103.172.111.96,2096,3,0.25,189.75,0.00
103.172.110.99,2096,3,0.25,189.97,0.00
103.172.110.98,2096,3,0.25,190.16,0.00
198.11.179.210,2096,3,0.25,190.87,0.00
138.2.37.10,2096,3,0.25,191.29,0.00
103.172.110.98,2096,3,0.25,191.87,0.00
8.222.223.34,2096,3,0.25,192.34,0.00
8.222.197.251,2096,3,0.25,192.68,0.00
103.172.111.101,2096,3,0.25,195.18,0.00
8.219.114.223,2096,3,0.25,195.19,0.00
8.219.196.24,2096,3,0.25,195.65,0.00
8.222.222.64,2096,3,0.25,197.26,0.00
103.172.110.96,2096,3,0.25,197.63,0.00
64.110.101.10,2096,3,0.25,197.85,0.00
103.172.110.101,2096,3,0.25,198.05,0.00
103.172.111.50,2096,3,0.25,198.18,0.00
103.172.110.100,2096,3,0.25,198.19,0.00
103.172.111.96,2096,3,0.25,198.54,0.00
103.172.111.95,2096,3,0.25,199.42,0.00
103.172.110.10,2096,3,0.25,200.92,0.00
103.172.110.96,2096,3,0.25,200.93,0.00
103.172.111.96,2096,3,0.25,201.61,0.00
47.88.61.230,2096,3,0.25,201.98,0.00
8.222.208.83,2096,3,0.25,202.13,0.00
103.172.111.51,2096,3,0.25,202.17,0.00
8.222.253.235,2096,3,0.25,202.59,0.00
103.172.111.246,2096,3,0.25,202.93,0.00
103.172.110.101,2096,3,0.25,203.32,0.00
8.219.123.35,2096,3,0.25,204.06,0.00
198.11.179.210,2096,3,0.25,204.25,0.00
103.172.110.100,2096,3,0.25,204.43,0.00
8.219.159.232,2096,3,0.25,204.54,0.00
103.172.110.99,2096,3,0.25,205.36,0.00
103.172.111.97,2096,3,0.25,205.71,0.00
103.172.110.98,2096,3,0.25,206.15,0.00
103.172.110.96,2096,3,0.25,206.77,0.00
103.172.110.95,2096,3,0.25,206.85,0.00
8.219.193.81,2096,3,0.25,206.90,0.00
103.172.111.96,2096,3,0.25,207.02,0.00
168.138.52.240,2096,3,0.25,207.07,0.00
47.88.14.243,2096,3,0.25,207.08,0.00
103.172.110.98,2096,3,0.25,207.14,0.00
104.22.64.81,2096,3,0.25,207.25,0.00
103.172.110.99,2096,3,0.25,207.30,0.00
168.138.47.93,2096,3,0.25,207.68,0.00
168.138.33.1,2096,3,0.25,208.36,0.00
103.172.111.95,2096,3,0.25,209.14,0.00
103.172.110.99,2096,3,0.25,209.27,0.00
104.22.22.110,2096,3,0.25,209.27,0.00
8.222.201.231,2096,3,0.25,209.31,0.00
8.219.114.223,2096,3,0.25,209.61,0.00
103.172.111.101,2096,3,0.25,210.63,0.00
103.172.111.168,2096,3,0.25,211.19,0.00
47.251.61.34,2096,3,0.25,211.41,0.00
47.88.22.49,2096,3,0.25,211.87,0.00
198.11.179.210,2096,3,0.25,212.15,0.00
103.172.111.95,2096,3,0.25,212.85,0.00
103.172.110.102,2096,3,0.25,213.79,0.00
103.172.110.95,2096,3,0.25,213.92,0.00
103.172.111.168,2096,3,0.25,214.44,0.00
103.172.111.98,2096,3,0.25,214.52,0.00
141.147.151.134,2096,3,0.25,215.09,0.00
103.172.111.98,2096,3,0.25,215.83,0.00
103.172.110.109,2096,3,0.25,216.09,0.00
8.222.197.199,2096,3,0.25,216.76,0.00
8.219.205.190,2096,3,0.25,216.77,0.00
168.138.46.111,2096,3,0.25,216.78,0.00
103.172.111.97,2096,3,0.25,217.13,0.00
103.172.110.97,2096,3,0.25,217.58,0.00
103.172.110.97,2096,3,0.25,218.51,0.00
103.172.111.95,2096,3,0.25,218.55,0.00
104.26.4.62,2096,3,0.25,219.53,0.00
103.172.111.246,2096,3,0.25,219.66,0.00
103.172.110.10,2096,3,0.25,219.75,0.00
103.172.110.98,2096,3,0.25,220.14,0.00
103.172.111.168,2096,3,0.25,220.39,0.00
103.172.111.168,2096,3,0.25,220.66,0.00
141.147.158.0,2096,3,0.25,220.83,0.00
103.172.111.168,2096,3,0.25,221.20,0.00
103.172.110.95,2096,3,0.25,221.21,0.00
103.172.110.96,2096,3,0.25,221.82,0.00
103.172.111.95,2096,3,0.25,221.88,0.00
103.172.111.101,2096,3,0.25,221.98,0.00
103.172.110.95,2096,3,0.25,223.50,0.00
103.172.111.246,2096,3,0.25,223.67,0.00
8.222.223.34,2096,3,0.25,224.05,0.00
103.172.111.246,2096,3,0.25,224.60,0.00
103.172.110.99,2096,3,0.25,224.81,0.00
103.172.111.96,2096,3,0.25,225.20,0.00
103.172.110.96,2096,3,0.25,225.28,0.00
8.222.156.205,2096,3,0.25,225.55,0.00
103.172.110.98,2096,3,0.25,225.73,0.00
103.172.111.98,2096,3,0.25,226.65,0.00
103.172.111.99,2096,3,0.25,227.31,0.00
103.172.111.101,2096,3,0.25,227.45,0.00
103.172.111.168,2096,3,0.25,227.62,0.00
103.172.110.100,2096,3,0.25,227.96,0.00
103.172.110.10,2096,3,0.25,228.13,0.00
103.172.111.253,2096,3,0.25,228.28,0.00
103.172.110.102,2096,3,0.25,228.30,0.00
103.172.110.97,2096,3,0.25,228.72,0.00
8.209.66.207,2096,3,0.25,229.04,0.00
141.147.156.103,2096,3,0.25,229.07,0.00
103.172.110.102,2096,3,0.25,229.19,0.00
103.172.110.97,2096,3,0.25,229.29,0.00
8.219.198.34,2096,3,0.25,229.67,0.00
8.209.70.126,2096,3,0.25,229.78,0.00
64.110.98.27,2096,3,0.25,230.13,0.00
103.172.111.95,2096,3,0.25,230.47,0.00
103.172.111.168,2096,3,0.25,230.49,0.00
8.219.98.13,2096,3,0.25,231.09,0.00
103.172.110.96,2096,3,0.25,231.84,0.00
8.222.221.109,2096,3,0.25,232.84,0.00
103.172.110.98,2096,3,0.25,232.85,0.00
103.172.111.101,2096,3,0.25,233.10,0.00
8.209.66.207,2096,3,0.25,233.67,0.00
168.138.38.63,2096,3,0.25,233.76,0.00
103.172.110.98,2096,3,0.25,233.81,0.00
8.209.81.84,2096,3,0.25,234.03,0.00
141.147.154.113,2096,3,0.25,234.37,0.00
8.222.162.31,2096,3,0.25,234.51,0.00
47.251.36.182,2096,3,0.25,235.15,0.00
47.251.8.206,2096,3,0.25,235.18,0.00
8.209.72.56,2096,3,0.25,236.79,0.00
8.211.2.18,2096,3,0.25,237.08,0.00
8.209.80.55,2096,3,0.25,237.14,0.00
103.172.111.95,2096,3,0.25,237.62,0.00
103.172.110.99,2096,3,0.25,237.85,0.00
8.209.112.87,2096,3,0.25,238.00,0.00
103.172.110.102,2096,3,0.25,238.29,0.00
103.172.110.99,2096,3,0.25,238.38,0.00
8.209.91.21,2096,3,0.25,238.45,0.00
8.208.25.37,2096,3,0.25,238.60,0.00
103.172.111.168,2096,3,0.25,238.62,0.00
103.172.110.99,2096,3,0.25,238.96,0.00
64.110.100.17,2096,3,0.25,238.98,0.00
47.254.131.92,2096,3,0.25,239.33,0.00
47.254.172.95,2096,3,0.25,239.40,0.00
103.172.110.98,2096,3,0.25,239.41,0.00
8.222.210.182,2096,3,0.25,239.42,0.00
8.211.2.219,2096,3,0.25,239.46,0.00
8.219.177.207,2096,3,0.25,239.56,0.00
47.91.77.97,2096,3,0.25,239.58,0.00
103.172.111.168,2096,3,0.25,239.63,0.00
8.219.215.214,2096,3,0.25,239.69,0.00
8.209.81.84,2096,3,0.25,240.14,0.00
47.254.135.201,2096,3,0.25,240.24,0.00
47.91.78.113,2096,3,0.25,240.41,0.00
8.209.108.170,2096,3,0.25,240.71,0.00
8.219.210.64,2096,3,0.25,240.72,0.00
8.209.107.31,2096,3,0.25,241.33,0.00
8.209.68.133,2096,3,0.25,241.53,0.00
8.209.107.146,2096,3,0.25,241.56,0.00
8.222.226.15,2096,3,0.25,242.03,0.00
8.222.181.177,2096,3,0.25,242.18,0.00
141.147.145.74,2096,3,0.25,242.62,0.00
8.209.88.208,2096,3,0.25,242.84,0.00
8.209.107.146,2096,3,0.25,242.84,0.00
103.172.110.98,2096,3,0.25,243.10,0.00
8.209.115.16,2096,3,0.25,243.42,0.00
103.172.110.99,2096,3,0.25,243.87,0.00
103.172.111.101,2096,3,0.25,243.93,0.00
103.172.111.246,2096,3,0.25,244.60,0.00
8.211.3.245,2096,3,0.25,245.11,0.00
47.254.172.66,2096,3,0.25,245.18,0.00
47.254.145.86,2096,3,0.25,245.20,0.00
103.172.110.104,2096,3,0.25,245.48,0.00
64.110.96.67,2096,3,0.25,245.59,0.00
8.209.76.1,2096,3,0.25,245.60,0.00
8.211.2.18,2096,3,0.25,246.47,0.00
104.26.6.4,2096,3,0.25,246.94,0.00
8.222.137.192,2096,3,0.25,247.20,0.00
103.172.111.96,2096,3,0.25,247.23,0.00
8.222.219.34,2096,3,0.25,247.37,0.00
132.145.44.85,2096,3,0.25,247.44,0.00
132.145.55.158,2096,3,0.25,248.30,0.00
103.172.110.98,2096,3,0.25,248.31,0.00
103.172.110.96,2096,3,0.25,248.39,0.00
8.222.202.163,2096,3,0.25,248.68,0.00
103.172.111.168,2096,3,0.25,248.97,0.00
8.209.80.209,2096,3,0.25,249.07,0.00
103.172.111.95,2096,3,0.25,250.54,0.00
8.211.4.122,2096,3,0.25,250.67,0.00
130.61.87.143,2096,3,0.25,250.92,0.00
47.254.172.220,2096,3,0.25,251.01,0.00
8.211.0.248,2096,3,0.25,251.19,0.00
103.172.111.101,2096,3,0.25,251.34,0.00
130.162.172.129,2096,3,0.25,251.84,0.00
130.162.170.2,2096,3,0.25,251.87,0.00
103.172.110.96,2096,3,0.25,252.01,0.00
8.219.229.46,2096,3,0.25,252.25,0.00
103.172.111.97,2096,3,0.25,252.40,0.00
8.208.26.11,2096,3,0.25,252.50,0.00
103.172.111.96,2096,3,0.25,252.81,0.00
103.172.111.252,2096,3,0.25,252.84,0.00
8.209.117.188,2096,3,0.25,253.06,0.00
8.209.111.176,2096,3,0.25,253.06,0.00
8.211.2.66,2096,3,0.25,253.55,0.00
132.145.22.230,2096,3,0.25,253.64,0.00
103.172.110.100,2096,3,0.25,253.67,0.00
144.21.60.12,2096,3,0.25,253.68,0.00
8.209.102.4,2096,3,0.25,253.73,0.00
143.47.243.193,2096,3,0.25,253.77,0.00
103.172.111.95,2096,3,0.25,253.79,0.00
47.254.131.92,2096,3,0.25,253.85,0.00
103.172.110.98,2096,3,0.25,253.93,0.00
141.144.228.81,2096,3,0.25,253.97,0.00
103.172.111.101,2096,3,0.25,254.55,0.00
47.254.155.254,2096,3,0.25,254.55,0.00
130.61.234.197,2096,3,0.25,254.82,0.00
103.172.110.96,2096,3,0.25,255.20,0.00
8.209.103.0,2096,3,0.25,255.86,0.00
47.254.155.141,2096,3,0.25,256.62,0.00
138.2.61.234,2096,3,0.25,256.62,0.00
103.172.111.168,2096,3,0.25,256.68,0.00
8.209.73.181,2096,3,0.25,256.72,0.00
132.145.50.155,2096,3,0.25,256.74,0.00
8.209.72.225,2096,3,0.25,257.04,0.00
103.172.111.101,2096,3,0.25,257.20,0.00
64.110.107.161,2096,3,0.25,257.37,0.00
8.209.112.198,2096,3,0.25,257.77,0.00
103.172.111.97,2096,3,0.25,258.13,0.00
103.172.110.97,2096,3,0.25,258.40,0.00
47.251.8.69,2096,3,0.25,258.43,0.00
144.21.62.156,2096,3,0.25,258.51,0.00
132.226.213.171,2096,3,0.25,260.10,0.00
103.172.111.168,2096,3,0.25,260.39,0.00
47.254.177.18,2096,3,0.25,260.44,0.00
8.209.66.210,2096,3,0.25,260.53,0.00
47.254.156.95,2096,3,0.25,260.57,0.00
103.172.111.101,2096,3,0.25,260.58,0.00
144.21.56.198,2096,3,0.25,260.66,0.00
8.209.76.227,2096,3,0.25,260.72,0.00
8.209.107.155,2096,3,0.25,260.78,0.00
8.209.99.138,2096,3,0.25,260.85,0.00
8.209.75.156,2096,3,0.25,261.12,0.00
8.209.79.16,2096,3,0.25,261.16,0.00
103.172.111.96,2096,3,0.25,262.12,0.00
47.254.130.228,2096,3,0.25,262.43,0.00
8.209.85.64,2096,3,0.25,262.46,0.00
8.209.85.26,2096,3,0.25,262.56,0.00
130.61.36.229,2096,3,0.25,262.67,0.00
103.172.110.98,2096,3,0.25,262.92,0.00
8.211.2.134,2096,3,0.25,262.93,0.00
103.172.111.96,2096,3,0.25,263.26,0.00
103.172.111.246,2096,3,0.25,263.81,0.00
8.209.102.165,2096,3,0.25,263.83,0.00
103.172.111.168,2096,3,0.25,264.37,0.00
168.138.35.197,2096,3,0.25,264.70,0.00
8.209.107.99,2096,3,0.25,264.70,0.00
103.172.110.96,2096,3,0.25,264.71,0.00
8.209.85.64,2096,3,0.25,265.04,0.00
103.172.110.97,2096,3,0.25,265.07,0.00
8.209.70.233,2096,3,0.25,265.08,0.00
8.209.119.20,2096,3,0.25,265.40,0.00
140.83.35.229,2096,3,0.25,265.55,0.00
132.145.50.251,2096,3,0.25,265.81,0.00
47.254.183.14,2096,3,0.25,266.11,0.00
8.209.100.1,2096,3,0.25,266.58,0.00
132.145.59.33,2096,3,0.25,266.64,0.00
103.172.111.168,2096,3,0.25,266.77,0.00
8.211.8.70,2096,3,0.25,266.89,0.00
132.145.34.123,2096,3,0.25,267.27,0.00
8.209.75.156,2096,3,0.25,267.56,0.00
103.172.111.95,2096,3,0.25,267.58,0.00
8.209.85.26,2096,3,0.25,267.79,0.00
103.172.111.101,2096,3,0.25,268.08,0.00
103.172.110.96,2096,3,0.25,268.11,0.00
103.172.111.101,2096,3,0.25,268.30,0.00
103.172.111.98,2096,3,0.25,268.31,0.00
138.2.55.213,2096,3,0.25,268.40,0.00
8.211.6.183,2096,3,0.25,268.53,0.00
8.211.2.67,2096,3,0.25,268.57,0.00
8.209.103.188,2096,3,0.25,268.78,0.00
8.209.110.27,2096,3,0.25,268.83,0.00
8.209.99.141,2096,3,0.25,268.89,0.00
8.209.111.39,2096,3,0.25,269.19,0.00
8.209.105.97,2096,3,0.25,269.56,0.00
8.209.119.146,2096,3,0.25,269.99,0.00
103.172.111.168,2096,3,0.25,270.00,0.00
47.91.65.45,2096,3,0.25,270.15,0.00
8.209.97.162,2096,3,0.25,270.16,0.00
103.172.111.168,2096,3,0.25,270.17,0.00
103.172.111.168,2096,3,0.25,270.51,0.00
103.172.111.95,2096,3,0.25,271.03,0.00
143.47.239.247,2096,3,0.25,271.37,0.00
103.172.110.96,2096,3,0.25,271.45,0.00
103.172.110.96,2096,3,0.25,271.70,0.00
103.172.110.95,2096,3,0.25,272.14,0.00
152.67.140.213,2096,3,0.25,272.38,0.00
8.209.116.131,2096,3,0.25,272.62,0.00
130.162.177.83,2096,3,0.25,272.88,0.00
8.209.89.243,2096,3,0.25,272.98,0.00
103.172.111.99,2096,3,0.25,273.08,0.00
8.209.114.214,2096,3,0.25,273.76,0.00
103.172.111.246,2096,3,0.25,274.05,0.00
103.172.110.95,2096,3,0.25,274.31,0.00
103.172.111.246,2096,3,0.25,274.56,0.00
103.172.110.96,2096,3,0.25,274.82,0.00
8.209.72.225,2096,3,0.25,274.84,0.00
103.172.111.95,2096,3,0.25,275.35,0.00
47.91.95.2,2096,3,0.25,275.46,0.00
103.172.111.122,2096,3,0.25,275.96,0.00
8.209.73.101,2096,3,0.25,276.00,0.00
103.172.111.95,2096,3,0.25,276.69,0.00
103.172.110.99,2096,3,0.25,276.89,0.00
8.209.107.146,2096,3,0.25,276.89,0.00
8.211.4.54,2096,3,0.25,276.90,0.00
8.209.65.58,2096,3,0.25,277.21,0.00
103.172.111.246,2096,3,0.25,277.44,0.00
103.172.111.246,2096,3,0.25,277.52,0.00
8.209.67.86,2096,3,0.25,278.12,0.00
103.172.111.96,2096,3,0.25,278.46,0.00
8.209.108.248,2096,3,0.25,278.50,0.00
47.91.67.113,2096,3,0.25,278.77,0.00
103.172.111.96,2096,3,0.25,278.87,0.00
132.226.212.11,2096,3,0.25,278.98,0.00
103.172.111.99,2096,3,0.25,279.16,0.00
103.172.111.101,2096,3,0.25,279.37,0.00
103.172.110.96,2096,3,0.25,279.51,0.00
103.172.111.168,2096,3,0.25,279.74,0.00
103.172.111.246,2096,3,0.25,280.60,0.00
103.172.111.98,2096,3,0.25,281.35,0.00
103.172.110.97,2096,3,0.25,282.08,0.00
103.172.111.101,2096,3,0.25,282.33,0.00
103.172.111.168,2096,3,0.25,283.28,0.00
103.172.111.101,2096,3,0.25,283.36,0.00
103.172.111.101,2096,3,0.25,283.39,0.00
8.209.119.146,2096,3,0.25,283.40,0.00
8.209.68.147,2096,3,0.25,283.99,0.00
130.162.255.154,2096,3,0.25,285.13,0.00
103.172.111.168,2096,3,0.25,285.89,0.00
103.172.110.97,2096,3,0.25,286.00,0.00
103.172.111.96,2096,3,0.25,286.33,0.00
8.209.110.66,2096,3,0.25,286.68,0.00
103.172.111.168,2096,3,0.25,286.94,0.00
8.209.114.214,2096,3,0.25,287.00,0.00
103.172.110.95,2096,3,0.25,287.09,0.00
103.172.111.106,2096,3,0.25,287.10,0.00
103.172.110.95,2096,3,0.25,288.44,0.00
8.209.111.39,2096,3,0.25,288.57,0.00
130.61.226.121,2096,3,0.25,288.66,0.00
103.172.111.99,2096,3,0.25,288.92,0.00
8.209.106.31,2096,3,0.25,289.41,0.00
103.172.110.104,2096,3,0.25,289.45,0.00
140.238.31.16,2096,3,0.25,290.26,0.00
103.172.111.168,2096,3,0.25,290.33,0.00
8.209.98.97,2096,3,0.25,290.46,0.00
103.172.111.97,2096,3,0.25,291.02,0.00
103.172.110.98,2096,3,0.25,292.35,0.00
8.209.110.156,2096,3,0.25,292.89,0.00
103.172.111.168,2096,3,0.25,293.99,0.00
103.172.110.98,2096,3,0.25,294.23,0.00
130.61.233.156,2096,3,0.25,294.38,0.00
103.172.111.96,2096,3,0.25,295.48,0.00
103.172.111.101,2096,3,0.25,295.70,0.00
103.172.111.95,2096,3,0.25,295.84,0.00
130.162.163.139,2096,3,0.25,296.04,0.00
8.209.88.115,2096,3,0.25,296.29,0.00
8.209.72.56,2096,3,0.25,296.35,0.00
8.209.119.56,2096,3,0.25,296.37,0.00
103.172.111.101,2096,3,0.25,298.14,0.00
103.172.111.95,2096,3,0.25,298.34,0.00
130.61.226.172,2096,3,0.25,298.85,0.00
103.172.111.95,2096,3,0.25,299.70,0.00
8.209.72.14,2096,3,0.25,299.76,0.00
8.209.111.200,2096,3,0.25,299.84,0.00
103.172.111.106,2096,3,0.25,301.48,0.00
103.172.111.95,2096,3,0.25,301.63,0.00
103.172.111.123,2096,3,0.25,301.73,0.00
8.209.112.87,2096,3,0.25,302.03,0.00
8.209.68.24,2096,3,0.25,302.28,0.00
103.172.111.246,2096,3,0.25,302.56,0.00
103.172.111.101,2096,3,0.25,303.26,0.00
103.172.111.168,2096,3,0.25,304.82,0.00
103.172.111.95,2096,3,0.25,306.14,0.00
103.172.110.98,2096,3,0.25,306.33,0.00
103.172.111.101,2096,3,0.25,306.46,0.00
103.172.111.168,2096,3,0.25,306.80,0.00
207.127.90.181,2096,3,0.25,307.46,0.00
103.172.111.168,2096,3,0.25,308.33,0.00
103.172.111.106,2096,3,0.25,308.71,0.00
103.172.111.95,2096,3,0.25,308.89,0.00
103.172.111.95,2096,3,0.25,309.93,0.00
138.2.182.58,2096,3,0.25,310.18,0.00
103.172.111.101,2096,3,0.25,310.37,0.00
103.172.111.168,2096,3,0.25,310.81,0.00
143.47.229.44,2096,3,0.25,311.10,0.00
130.162.182.46,2096,3,0.25,311.10,0.00
103.172.110.96,2096,3,0.25,311.23,0.00
103.172.111.168,2096,3,0.25,311.38,0.00
130.61.178.249,2096,3,0.25,311.57,0.00
103.172.110.99,2096,3,0.25,312.06,0.00
131.186.25.177,2096,3,0.25,312.46,0.00
103.172.111.101,2096,3,0.25,312.66,0.00
103.172.110.10,2096,3,0.25,312.86,0.00
103.172.111.168,2096,3,0.25,312.95,0.00
143.47.250.224,2096,3,0.25,313.28,0.00
103.172.110.10,2096,3,0.25,314.18,0.00
140.83.38.251,2096,3,0.25,315.98,0.00
103.172.110.97,2096,3,0.25,316.37,0.00
103.172.110.96,2096,3,0.25,316.48,0.00
8.209.104.209,2096,3,0.25,316.80,0.00
103.172.111.106,2096,3,0.25,317.07,0.00
8.209.105.36,2096,3,0.25,317.36,0.00
146.190.91.58,2096,3,0.25,317.61,0.00
103.172.110.98,2096,3,0.25,317.88,0.00
178.128.30.222,2096,3,0.25,318.13,0.00
103.172.111.99,2096,3,0.25,318.32,0.00
8.211.4.122,2096,3,0.25,318.71,0.00
103.172.110.98,2096,3,0.25,320.62,0.00
130.162.171.205,2096,3,0.25,320.77,0.00
8.209.72.248,2096,3,0.25,321.02,0.00
103.172.111.168,2096,3,0.25,321.36,0.00
8.211.6.183,2096,3,0.25,321.86,0.00
103.172.110.95,2096,3,0.25,322.11,0.00
143.47.255.238,2096,3,0.25,322.46,0.00
130.61.182.229,2096,3,0.25,323.01,0.00
103.172.111.101,2096,3,0.25,323.41,0.00
103.172.110.97,2096,3,0.25,323.70,0.00
103.172.110.98,2096,3,0.25,323.76,0.00
103.172.111.168,2096,3,0.25,323.93,0.00
103.172.110.98,2096,3,0.25,324.10,0.00
101.100.231.43,2096,3,0.25,324.41,0.00
167.172.83.180,2096,3,0.25,329.90,0.00
103.172.111.96,2096,3,0.25,330.53,0.00
103.172.110.99,2096,3,0.25,330.81,0.00
103.172.110.97,2096,3,0.25,333.14,0.00
103.172.111.101,2096,3,0.25,333.55,0.00
130.61.180.39,2096,3,0.25,334.33,0.00
103.172.111.168,2096,3,0.25,334.89,0.00
143.198.205.88,2096,3,0.25,335.31,0.00
132.226.170.96,2096,3,0.25,335.46,0.00
128.199.136.75,2096,3,0.25,337.73,0.00
103.172.110.10,2096,3,0.25,337.81,0.00
103.172.110.109,2096,3,0.25,338.73,0.00
165.22.60.49,2096,3,0.25,339.14,0.00
134.209.103.63,2096,3,0.25,341.18,0.00
143.198.219.3,2096,3,0.25,341.35,0.00
103.172.111.101,2096,3,0.25,342.56,0.00
13.215.36.176,2096,3,0.25,343.01,0.00
103.172.111.101,2096,3,0.25,343.65,0.00
103.172.111.95,2096,3,0.25,348.95,0.00
167.71.211.191,2096,3,0.25,349.64,0.00
206.189.154.236,2096,3,0.25,349.96,0.00
103.172.110.97,2096,3,0.25,351.17,0.00
103.172.111.168,2096,3,0.25,352.73,0.00
103.172.111.106,2096,3,0.25,354.92,0.00
103.172.111.101,2096,3,0.25,359.83,0.00
103.172.111.168,2096,3,0.25,361.51,0.00
103.172.111.246,2096,3,0.25,362.93,0.00
103.172.110.98,2096,3,0.25,364.15,0.00
103.172.111.101,2096,3,0.25,364.86,0.00
143.198.206.120,2096,3,0.25,365.25,0.00
103.172.111.101,2096,3,0.25,366.47,0.00
103.172.111.101,2096,3,0.25,369.21,0.00
157.230.245.4,2096,3,0.25,370.86,0.00
103.172.111.101,2096,3,0.25,372.43,0.00
103.172.111.168,2096,3,0.25,375.79,0.00
103.172.110.98,2096,3,0.25,376.26,0.00
103.172.110.97,2096,3,0.25,376.46,0.00
103.172.111.253,2096,3,0.25,376.76,0.00
103.172.110.96,2096,3,0.25,377.97,0.00
128.199.89.237,2096,3,0.25,378.58,0.00
103.172.111.101,2096,3,0.25,382.12,0.00
103.172.110.96,2096,3,0.25,382.57,0.00
152.70.163.12,2096,3,0.25,384.67,0.00
103.172.110.95,2096,3,0.25,384.80,0.00
103.172.110.98,2096,3,0.25,388.18,0.00
103.172.110.101,2096,3,0.25,389.59,0.00
103.172.110.95,2096,3,0.25,394.97,0.00
103.172.111.168,2096,3,0.25,396.05,0.00
103.172.111.168,2096,3,0.25,403.95,0.00
47.254.183.240,2096,3,0.25,404.33,0.00
103.172.111.246,2096,3,0.25,405.86,0.00
47.254.158.79,2096,3,0.25,408.30,0.00
103.172.111.168,2096,3,0.25,408.94,0.00
103.172.110.96,2096,3,0.25,419.58,0.00
103.172.111.101,2096,3,0.25,424.76,0.00
103.172.110.97,2096,3,0.25,426.77,0.00
103.172.110.98,2096,3,0.25,426.93,0.00
103.172.110.99,2096,3,0.25,428.21,0.00
103.172.110.99,2096,3,0.25,432.22,0.00
103.172.110.97,2096,3,0.25,435.75,0.00
103.172.110.98,2096,3,0.25,436.16,0.00
103.172.110.97,2096,3,0.25,436.32,0.00
103.172.110.98,2096,3,0.25,439.61,0.00
103.172.110.96,2096,3,0.25,444.06,0.00
103.172.111.101,2096,3,0.25,450.02,0.00
103.172.111.246,2096,3,0.25,454.20,0.00
103.172.111.246,2096,3,0.25,456.25,0.00
101.100.231.43,2096,3,0.25,461.35,0.00
103.172.111.168,2096,3,0.25,461.93,0.00
101.100.231.43,2096,3,0.25,462.42,0.00
103.172.111.168,2096,3,0.25,462.59,0.00
103.172.110.97,2096,3,0.25,462.74,0.00
103.172.111.168,2096,3,0.25,466.03,0.00
103.172.111.106,2096,3,0.25,472.88,0.00
103.172.111.168,2096,3,0.25,475.63,0.00
103.172.110.98,2096,3,0.25,488.42,0.00
103.172.111.106,2096,3,0.25,488.91,0.00
